user_id,name,email,signup_date
1,Jamie Wheeler,ecraig@sample.net,2023-06-13 13:20:41
2,James Smith,davisgene@example.com,2024-12-09 20:16:51
3,Samantha Patterson,megan73@randomdomain.co,2023-11-02 19:35:51
4,Michelle Reyes,anthony55@fakeemail.com,2023-05-10 10:15:02
5,Charles Robinson,jgoodwin@placeholder.net,2025-01-19 14:30:50
6,Lynn Scott,virginia36@demo.io,2024-07-23 21:22:38
7,Jeff Orr,wrightroy@example.com,2025-01-23 16:25:23
8,Darlene Smith,kristenchavez@example.com,2023-05-22 05:15:58
9,Jason Matthews,susan40@demo.io,2023-08-18 22:37:32
10,Christopher Lee,katherinebennett@mockmail.org,2023-03-05 20:02:21
11,Leslie Turner,chambersrhonda@fakeemail.com,2023-07-16 02:14:32
12,Brittany Roberson,wporter@fakeemail.com,2024-07-19 13:53:02
13,Donald Campbell,raymond18@tempemail.com,2024-10-15 06:21:24
14,Danielle Carpenter,bauerkristi@example.com,2024-06-17 07:32:47
15,Samantha Nguyen,westrobert@example.com,2024-09-02 02:29:15
16,Gabriela Johnson,longkristen@placeholder.net,2024-10-18 05:13:11
17,Amber Crawford,prestonjones@example.com,2024-10-13 05:26:37
18,Mrs. Donna Williams,juliastevens@randomdomain.co,2024-08-19 09:19:55
19,Mary Montgomery,kristin33@placeholder.net,2023-08-29 00:28:32
20,Robert Fitzgerald,kathrynbraun@tempemail.com,2023-08-21 21:11:21
21,Jason Smith,reedjesse@placeholder.net,2023-02-07 15:09:40
22,Jesse Barr,christypotter@randomdomain.co,2023-06-11 10:23:02
23,Joshua Bowman,taylorrobbins@mockmail.org,2024-02-07 09:29:01
24,Jason Stone,charles78@tempemail.com,2023-03-13 13:30:07
25,Linda Barnes,lpage@randomdomain.co,2023-05-17 17:40:20
26,Eric Hamilton,donnawells@example.com,2023-09-30 09:00:23
27,Zachary Gonzalez,juan78@sample.net,2024-04-03 23:53:58
28,Rebekah Wilson,padams@sample.net,2024-01-29 04:40:06
29,Corey Rivera,buckheather@demo.io,2024-04-09 00:44:09
30,Christy Terry,kcochran@fakeemail.com,2023-08-07 12:02:56
31,William Wilson,cassandrahart@mockmail.org,2023-11-15 22:59:14
32,Natasha Miller,leedanielle@randomdomain.co,2023-11-25 19:42:14
33,Emily Clark,nicolesmith@tempemail.com,2024-10-22 15:00:05
34,Melissa Smith,brandibutler@randomdomain.co,2023-10-18 19:35:32
35,Hayden Jones,karenoliver@tempemail.com,2023-12-30 08:46:05
36,Keith Arnold,ohansen@demo.io,2023-06-18 04:23:18
37,Amanda Robinson,josephramos@example.com,2023-04-11 21:04:08
38,Lisa Melendez,katierobinson@randomdomain.co,2024-01-26 02:50:40
39,Roberto Graves,ryan57@fakeemail.com,2023-05-25 12:43:42
40,Karla Lewis,antoniosmith@tempemail.com,2023-07-07 10:25:33
41,Joshua Martinez,fwilson@randomdomain.co,2023-07-07 11:44:11
42,Dillon Rogers,sara33@test.org,2023-08-13 11:54:11
43,Joshua Taylor,mckinneykaren@mockmail.org,2023-12-15 06:06:20
44,Penny Chambers,hudsonphillip@test.org,2024-06-14 21:51:24
45,Kelli Cannon,nsmall@test.org,2024-03-09 11:40:30
46,Eric Moses,katelyn68@sample.net,2023-03-06 11:46:54
47,Robert Lyons,tara90@tempemail.com,2023-09-27 13:03:00
48,Ruth Krause,amandaward@fakeemail.com,2024-07-23 19:19:46
49,Jose Lopez,miguelgonzalez@randomdomain.co,2024-12-26 18:36:18
50,Ashley Evans,barbara48@tempemail.com,2024-03-14 16:40:03
51,Victoria Jones,rlloyd@sample.net,2024-03-01 17:18:00
52,Daisy Kane,mcdonalddillon@test.org,2023-12-04 16:38:29
53,Elizabeth Vaughn,willie22@example.com,2023-04-03 15:50:49
54,Jaime Miller,andrea34@sample.net,2024-07-15 13:44:27
55,Jennifer Clark,jack58@example.com,2024-02-29 03:32:34
56,Stephanie Delacruz,maria53@demo.io,2023-09-18 03:15:29
57,Paul Hutchinson,steven34@fakeemail.com,2023-08-08 10:38:02
58,James Hernandez,craig83@test.org,2023-05-26 08:26:42
59,Christopher Cain,michaelnelson@test.org,2024-12-07 14:14:20
60,Brian Harrell,lisaesparza@fakeemail.com,2024-07-08 22:25:48
61,Amanda Farrell,ymartin@demo.io,2023-11-16 13:28:12
62,Brian Davis,megancampbell@test.org,2023-06-26 03:04:03
63,Susan Hansen,wtran@mockmail.org,2024-05-25 12:22:52
64,Christina Torres,edwardsmith@tempemail.com,2024-05-23 15:55:01
65,Maureen Gibbs,vanessaholt@example.com,2023-12-15 00:57:34
66,Christine Jones,nnguyen@mockmail.org,2023-08-01 06:40:59
67,Mark Wallace,francisco07@test.org,2025-01-05 18:48:17
68,Thomas Benton,julie43@mockmail.org,2024-12-18 07:13:51
69,Heather Smith,leeross@test.org,2024-11-02 16:52:08
70,Phillip Dixon,burtonlaura@fakeemail.com,2024-10-03 08:14:32
71,Michael Moore,williamssarah@sample.net,2023-07-13 16:20:28
72,Audrey Cunningham,scottflores@example.com,2024-12-25 17:50:10
73,Sue White,jeffreypatterson@randomdomain.co,2024-05-14 09:21:36
74,Drew Martin,michael85@randomdomain.co,2024-12-22 12:14:41
75,Sean Villarreal,wriley@mockmail.org,2023-06-29 01:14:15
76,Sheila Keith MD,john39@fakeemail.com,2023-04-02 20:17:27
77,Michael Gomez,shanelee@fakeemail.com,2023-06-14 19:47:55
78,Austin Houston,heidigarza@example.com,2023-07-12 01:28:09
79,Sara Shepard,hgarcia@tempemail.com,2024-02-21 16:04:11
80,Ruben Henry,daviddawson@sample.net,2024-12-08 14:15:19
81,Melissa Wells,brownsandra@mockmail.org,2024-05-26 14:51:08
82,Megan Boyd,williamsmichael@placeholder.net,2024-08-22 02:35:59
83,Allison Mckenzie,frankjones@fakeemail.com,2024-07-26 05:51:00
84,Robert Davis,dblanchard@sample.net,2024-10-31 14:14:15
85,Lauren Solomon,chad31@tempemail.com,2024-02-22 15:37:59
86,Danielle Keller,martinpatricia@demo.io,2023-03-05 18:14:52
87,Kimberly Parsons,larryjenkins@test.org,2023-05-05 20:32:06
88,Victor Vazquez,jennifer12@sample.net,2023-05-27 11:02:36
89,Andrew Bowman,julie31@randomdomain.co,2023-06-20 09:48:21
90,Jeffrey Dunn,ffuller@test.org,2024-11-13 21:20:33
91,Mr. Tim Gomez DDS,xhenry@randomdomain.co,2024-12-23 04:33:09
92,Bobby Rhodes,angelaallen@placeholder.net,2024-11-07 17:57:09
93,Joshua Johnson,curtisreed@test.org,2024-03-28 15:06:02
94,Arthur Bradley,dchurch@randomdomain.co,2023-11-18 21:52:27
95,Anthony Wang,michaelcarrillo@randomdomain.co,2024-11-29 23:15:20
96,Richard Kelley,asmith@example.com,2025-01-26 12:47:46
97,Jeremiah Rodriguez,ydonaldson@randomdomain.co,2024-04-14 10:25:08
98,John Maddox,jenniferphillips@test.org,2023-02-03 18:37:36
99,Jasmine Mosley,charvey@example.com,2024-10-02 14:45:00
100,Wendy Holmes,kevin28@demo.io,2023-11-30 20:16:34
101,Travis Nichols,mcknightjoshua@placeholder.net,2023-07-28 04:54:10
102,Veronica Clark,antonio02@sample.net,2024-10-01 20:46:58
103,Melanie Odom,ohudson@demo.io,2024-01-26 21:08:05
104,Robert Dixon,stacy62@sample.net,2024-01-16 22:25:56
105,Ricky Jenkins,cherrystephen@test.org,2023-06-20 06:04:37
106,Rachel Williams,michellemartin@tempemail.com,2023-12-29 16:26:41
107,Ashley Pierce,mackenzie77@demo.io,2023-09-14 17:25:32
108,Joanna Delacruz,rrobinson@sample.net,2023-03-31 15:10:03
109,Bradley Ho,sarahstein@demo.io,2024-11-01 05:38:58
110,Nathan White,uvaughan@tempemail.com,2023-05-10 13:37:44
111,Michael Johnson,jason35@randomdomain.co,2024-12-29 16:37:43
112,Keith Hays,jeremiahnelson@demo.io,2024-06-12 09:25:36
113,Cynthia Solis,christophercardenas@demo.io,2024-10-14 06:06:49
114,Stacey Griffin,csnyder@demo.io,2023-05-24 04:54:30
115,Russell Elliott,omathews@example.com,2024-08-21 03:11:28
116,Ronald Owens,jeffreyhaas@demo.io,2024-10-19 07:34:16
117,Marc Gutierrez,wnorman@tempemail.com,2023-05-08 01:49:16
118,Jeffrey Morris,connor46@mockmail.org,2024-07-24 12:05:05
119,Kevin Moon,jonathan38@placeholder.net,2023-11-08 09:47:17
120,Scott Adams,nathan55@sample.net,2024-07-31 14:22:21
121,Katrina Cross,huffjoshua@test.org,2024-03-26 12:07:43
122,Bryan Hogan,kurtsimon@demo.io,2024-07-27 22:01:43
123,Derek Rivera,xlittle@mockmail.org,2024-04-07 01:41:06
124,Laura Reid,twalters@sample.net,2023-08-19 02:07:07
125,Jessica Gonzalez,sarah26@tempemail.com,2024-09-16 01:52:45
126,Gloria Williams,uwaters@mockmail.org,2023-08-22 11:16:37
127,Tonya Wright,cholt@placeholder.net,2024-04-24 16:30:37
128,Ashley Parrish,cynthiacollins@example.com,2024-06-21 06:55:58
129,Mr. Joshua Cole,bensonrobert@test.org,2023-12-26 21:48:46
130,Mark Gonzales,jeffreymooney@placeholder.net,2023-11-02 19:05:53
131,Arthur Avery,longchristopher@demo.io,2023-08-21 18:52:44
132,Curtis Johnson,butlerrachel@test.org,2024-12-14 13:15:18
133,Curtis Willis,michele52@example.com,2023-08-17 09:21:43
134,Michael Hooper,nicolehenry@sample.net,2024-06-13 21:15:25
135,Terry Anderson,taylorluis@fakeemail.com,2024-03-11 21:50:22
136,Katherine Perez,knoble@test.org,2023-09-22 22:37:45
137,Jodi Patterson,kellyfrancis@sample.net,2023-04-06 09:45:12
138,Danielle Goodwin,james74@fakeemail.com,2023-08-06 14:22:45
139,Lacey Hester,johnsonjeffrey@test.org,2023-04-14 18:48:02
140,Adam Collins,dfritz@tempemail.com,2023-12-21 01:11:21
141,Anthony Richmond,davidpratt@sample.net,2023-04-01 15:29:59
142,Justin Lopez,sbrock@mockmail.org,2023-12-13 02:59:09
143,April Fletcher,jenniferlawrence@example.com,2024-01-24 00:27:49
144,Jason Edwards,efrederick@randomdomain.co,2023-12-31 20:37:54
145,Heather Williams,fnguyen@mockmail.org,2025-01-06 20:08:03
146,Jennifer Lopez,morrisonclaire@fakeemail.com,2023-03-04 12:09:14
147,Kelly Adams,kramerbrandon@test.org,2023-12-10 00:39:15
148,Alicia Ramsey,albertcarter@example.com,2024-05-11 02:40:20
149,Eric Williams,mayercrystal@test.org,2024-10-31 00:52:32
150,Frank Parker,ewilliams@placeholder.net,2023-02-11 09:01:20
151,Eric Webb,walkerjames@fakeemail.com,2023-07-23 06:21:36
152,William Hobbs,bob39@demo.io,2023-02-11 08:01:35
153,Kenneth Watson,stacymurphy@fakeemail.com,2023-09-06 05:50:35
154,Crystal Hernandez,cooperheidi@demo.io,2023-04-27 01:15:56
155,Cathy Smith,danielmorris@demo.io,2023-08-23 08:59:08
156,Eric Duncan,cody27@test.org,2023-09-20 16:35:31
157,Kevin Willis,alarson@fakeemail.com,2023-07-27 22:43:10
158,Chelsea Guzman,vconrad@demo.io,2023-01-30 09:19:23
159,Anthony Meadows,howard42@test.org,2024-09-07 15:14:13
160,Laura Williams,jeffreyfowler@randomdomain.co,2024-06-19 14:32:18
161,Lisa Sweeney,angela80@example.com,2024-05-27 12:36:51
162,Megan Ochoa,zrose@mockmail.org,2025-01-10 09:03:39
163,Sandra Perkins,davisstephen@test.org,2024-08-16 16:41:53
164,Andre Grant,dyerlisa@demo.io,2024-07-11 16:16:56
165,Erica Scott,scott43@mockmail.org,2024-04-19 02:32:28
166,Jonathon Thompson,zmorris@example.com,2024-01-29 04:35:54
167,Joseph Anderson,tabitha92@tempemail.com,2024-03-31 14:36:43
168,Carol Ferguson,maymary@randomdomain.co,2024-12-02 18:22:45
169,Meghan Smith,elowery@test.org,2024-01-25 16:43:18
170,Terri Patel,kinglaura@mockmail.org,2023-06-03 20:31:19
171,Lauren Ramirez,juliefisher@tempemail.com,2024-03-23 02:57:44
172,Samuel Murphy,michaelclark@randomdomain.co,2024-04-21 22:43:15
173,Jared Keller,nicholasmueller@tempemail.com,2023-08-11 06:30:49
174,Derrick Miller,cookjeremy@example.com,2023-02-10 15:02:47
175,Joel Arellano,oconnellnicholas@example.com,2024-10-21 03:49:50
176,Joseph Butler,jblanchard@placeholder.net,2024-02-23 05:35:51
177,Ashley Fisher,westjoseph@sample.net,2024-08-12 10:07:21
178,Lisa Jimenez,williammclaughlin@tempemail.com,2023-05-15 08:22:55
179,Jamie Young,brenda13@fakeemail.com,2024-01-31 02:40:15
180,Aaron Daniels,morrisjohn@example.com,2023-03-03 11:50:40
181,Chelsea Stein,colin78@randomdomain.co,2023-03-07 16:20:13
182,Stephanie Allen,kyle38@test.org,2024-02-08 00:30:24
183,Paul Moreno,wmcgee@tempemail.com,2024-10-30 11:53:10
184,Peter Wilson,bennettmaria@mockmail.org,2024-10-19 16:51:40
185,Brooke Smith,matthew55@test.org,2023-08-29 02:11:37
186,Stephanie Wright,henryhanson@fakeemail.com,2024-04-16 20:48:35
187,Christian Bowers,chad74@mockmail.org,2023-07-14 04:34:04
188,Anna Lara,kimberlylopez@test.org,2024-10-10 04:23:41
189,Jeffrey Gonzalez,daniel46@randomdomain.co,2023-10-29 16:32:13
190,Benjamin Mueller,ricejordan@test.org,2024-06-22 14:30:18
191,Melissa Brown,lisabarker@example.com,2024-09-24 23:57:05
192,Lisa Rivera,blackelizabeth@sample.net,2024-10-27 03:58:22
193,Tamara Murray,matthewsruben@tempemail.com,2024-03-12 20:50:05
194,Randy Evans,kimberlyfox@test.org,2023-08-28 16:33:22
195,Robert Jones,donaldanderson@example.com,2023-03-02 18:50:31
196,Adam Figueroa,daniel42@demo.io,2023-08-03 15:53:17
197,Ann Fox,jerrybruce@mockmail.org,2024-05-18 18:34:54
198,Michael Hill,fisherderek@test.org,2023-06-08 15:19:32
199,Amy Ross,martinmary@fakeemail.com,2023-04-29 01:07:30
200,Karen Robertson,pschmidt@placeholder.net,2024-11-05 10:24:06
201,Heather Harmon,patrickcollins@fakeemail.com,2023-11-25 20:04:21
202,Lee Thomas,sgay@fakeemail.com,2024-01-14 22:12:34
203,Willie Murphy,edward88@demo.io,2024-11-21 19:39:10
204,James Dean,jasonwhite@test.org,2024-07-09 04:24:27
205,Tara Tate,paul83@example.com,2024-03-28 07:45:25
206,Brooke Watson,darrelladkins@mockmail.org,2024-01-10 22:44:11
207,Harold Walsh,douglas31@fakeemail.com,2023-03-21 10:58:59
208,Alexis Crawford,erik33@placeholder.net,2024-01-15 06:34:05
209,Maureen Kent,stevenbrown@example.com,2023-05-19 07:35:40
210,Ashley Green,richardsondana@placeholder.net,2023-06-21 03:20:09
211,Amanda Berry,rachelhicks@randomdomain.co,2024-08-13 00:59:33
212,Megan Curtis,jody47@fakeemail.com,2024-10-16 16:43:49
213,Timothy Reeves,johnsondebra@demo.io,2024-12-12 14:04:34
214,Gary Flowers,hpierce@randomdomain.co,2024-10-01 02:17:41
215,Bryan Garner,jamie80@tempemail.com,2024-04-20 09:40:41
216,James Pratt,fostermadison@demo.io,2024-02-01 10:09:20
217,Cynthia Stanley,charles97@placeholder.net,2024-03-08 03:18:10
218,Roberto Gonzales,danielwiggins@randomdomain.co,2023-07-03 21:12:58
219,April Hernandez,cpruitt@mockmail.org,2024-09-01 03:20:27
220,Cheryl Bass,lewisjohn@fakeemail.com,2025-01-11 09:02:09
221,Sonya Hughes,qbrown@mockmail.org,2023-05-26 11:20:59
222,Ricardo Ortiz,ugarza@fakeemail.com,2023-08-31 01:47:32
223,Jose Anderson,chart@demo.io,2023-10-15 09:46:01
224,Mikayla Nichols,beckyvalentine@demo.io,2024-05-20 22:19:03
225,Melissa Shepherd,robert33@sample.net,2025-01-12 18:40:37
226,Jonathan White,jessica90@example.com,2024-01-01 16:16:16
227,Anthony Taylor,vhernandez@fakeemail.com,2024-01-12 08:13:46
228,Robert Castillo,kelly76@fakeemail.com,2023-08-15 21:39:18
229,Sabrina Mann,ryanbates@test.org,2023-12-04 08:53:15
230,Donald Dougherty,usmith@placeholder.net,2024-10-25 08:55:56
231,Robert Coffey,joan07@fakeemail.com,2024-01-19 16:01:40
232,Terry Cole,hawkinsbrittany@placeholder.net,2023-08-28 10:04:35
233,Crystal Dodson,robin59@example.com,2023-11-24 01:59:02
234,Summer Johns,lmiddleton@sample.net,2023-10-23 12:58:04
235,Jennifer Johnson,whitecassandra@tempemail.com,2023-12-20 12:39:35
236,Ashley Perez,hardytiffany@randomdomain.co,2023-04-08 02:28:28
237,Stephanie Rodriguez,elizabethbell@sample.net,2024-10-09 17:41:34
238,Pamela Cortez,wandalee@placeholder.net,2023-06-29 09:54:09
239,Cindy Hopkins,wadecharles@demo.io,2023-07-10 19:12:33
240,Steve Graham,emilyhill@example.com,2024-10-11 21:40:09
241,Charles Burke,eward@tempemail.com,2023-11-15 23:44:35
242,Terri Horn,raymond49@demo.io,2023-05-22 09:38:35
243,Carrie Anderson,gibsonmichael@example.com,2024-03-25 02:35:25
244,Stephen Booker,kristylopez@demo.io,2023-09-06 15:15:56
245,Jody Smith,yolanda23@fakeemail.com,2023-12-23 22:54:18
246,Matthew Anderson,kristinawilliams@mockmail.org,2023-11-03 22:00:34
247,Mary Cabrera,ruizwilliam@tempemail.com,2024-11-23 09:33:12
248,Maria Schroeder,conleyamy@mockmail.org,2024-11-21 01:33:24
249,Maria Thompson,rebeccamedina@example.com,2025-01-14 17:48:19
250,Madison Howard,clarksheena@placeholder.net,2023-09-15 12:31:38
251,Heather Hall,pjackson@sample.net,2024-04-16 14:41:36
252,Margaret Torres,chad15@example.com,2024-12-15 22:01:54
253,Mason Nguyen,jimenezkevin@placeholder.net,2024-12-07 05:40:38
254,Sarah Daniels,patrick29@mockmail.org,2023-08-06 02:39:03
255,Travis Thompson,regina87@demo.io,2023-12-30 10:53:56
256,Tammy Whitehead,ericjohnson@fakeemail.com,2024-07-19 07:46:13
257,Ashley Frazier,toni35@randomdomain.co,2023-08-09 06:41:41
258,David Hurst,bakerjames@sample.net,2024-03-27 10:43:19
259,Amanda Mccarty,velazquezsteven@tempemail.com,2024-02-19 20:40:35
260,Diana Myers,moraleselizabeth@demo.io,2023-06-09 00:11:28
261,Connie Garcia,gcordova@demo.io,2023-12-28 06:17:10
262,David Coffey,gdennis@mockmail.org,2024-03-01 19:50:51
263,Jerry King,johnstoneric@tempemail.com,2023-12-25 07:00:09
264,Ashley Holmes,saguilar@mockmail.org,2023-12-17 16:18:08
265,Austin Johnson,martinpaul@placeholder.net,2024-05-10 08:15:32
266,Jeffery Davis,alowery@randomdomain.co,2024-05-14 08:39:52
267,Robert Parker,nmartinez@sample.net,2025-01-21 13:29:20
268,Valerie Bates,joanburgess@placeholder.net,2024-04-01 04:55:02
269,Sandra Kelly,downsjames@demo.io,2023-10-24 03:28:35
270,Mrs. Lisa Le,molly11@sample.net,2024-04-04 00:31:26
271,Theresa Padilla,tgarrett@example.com,2024-02-21 14:15:02
272,Angela Thompson,patrickcarter@demo.io,2024-06-30 23:40:35
273,John Kim,david40@tempemail.com,2023-10-11 02:55:44
274,Mr. Andre Foster,dterrell@test.org,2023-07-26 06:06:53
275,Sonya Tran MD,amy80@mockmail.org,2024-04-28 07:25:00
276,Mark Vargas,jonathon11@demo.io,2024-06-03 07:22:33
277,Julie Peterson,ivega@test.org,2023-03-09 18:33:42
278,Matthew Price,annlarson@example.com,2023-12-23 12:51:11
279,John Lopez,griffithmelanie@example.com,2023-04-26 22:50:18
280,Dr. Kelly Hensley,caitlyn96@fakeemail.com,2024-10-02 23:33:16
281,Ashley Sharp,taylordaniel@mockmail.org,2024-12-22 08:54:35
282,Larry Kelly,copelandtiffany@tempemail.com,2023-12-28 14:27:26
283,Luke Rodriguez,debbiegray@mockmail.org,2023-08-25 06:31:51
284,Ernest Solis,cmanning@mockmail.org,2024-08-02 02:54:08
285,Adam Benson,dillonmelissa@randomdomain.co,2024-03-11 20:15:16
286,Amy Smith,amberwilliams@demo.io,2024-11-25 22:00:34
287,Linda Jones,kristincardenas@fakeemail.com,2023-11-16 12:01:05
288,Veronica Dunn,angela94@tempemail.com,2024-02-14 22:32:40
289,Rachel Gonzalez,colin42@sample.net,2024-05-24 00:46:09
290,Lawrence Harper,wwest@randomdomain.co,2024-03-24 14:52:06
291,Allison Costa,timothyhartman@placeholder.net,2025-01-21 11:04:47
292,Jason Wright,qharper@fakeemail.com,2023-12-21 19:42:50
293,Emily Smith,nporter@fakeemail.com,2023-10-11 21:04:33
294,Luis Wade,duanetaylor@tempemail.com,2023-08-12 20:01:03
295,Mrs. Diana Malone,jamie47@mockmail.org,2025-01-04 06:58:40
296,Carlos Moore,miguelfuentes@example.com,2023-08-28 15:10:04
297,Fred Thompson,paulyang@placeholder.net,2023-09-05 14:50:43
298,Danny Harris,kelseymoore@test.org,2024-06-28 23:02:18
299,Jose Williams,emily92@tempemail.com,2024-10-28 05:20:46
300,Carl Norman,robbinsrobert@fakeemail.com,2025-01-09 05:28:22
301,Kelly Jackson,davisshelby@test.org,2024-10-08 19:25:42
302,Judy Willis,lrose@example.com,2023-03-31 16:22:13
303,Elizabeth Obrien,anthony60@test.org,2023-06-19 16:27:08
304,Michele Castro,powellallison@sample.net,2023-05-05 13:03:38
305,Laura West,josephacevedo@tempemail.com,2023-03-15 11:57:51
306,Crystal Madden,mackkelly@demo.io,2023-08-24 06:08:27
307,Frank White,stevensscott@fakeemail.com,2024-10-16 00:44:10
308,Kristin Hernandez,wyates@example.com,2024-06-01 15:21:42
309,Anita Valencia,hoffmanmeghan@tempemail.com,2024-04-18 02:18:59
310,Steven Griffin,gracewalker@test.org,2023-12-02 12:20:43
311,Karen Fox,burgessleah@demo.io,2023-05-06 14:40:05
312,Christopher Ford,dsmith@randomdomain.co,2024-10-03 22:39:31
313,Caleb Wells,katelynwalker@tempemail.com,2025-01-12 06:51:01
314,Mark Trujillo,riveragrace@mockmail.org,2023-08-02 18:48:10
315,Brenda Beck,steven52@mockmail.org,2023-05-15 01:47:31
316,John Harris,shellyneal@test.org,2024-03-04 02:04:57
317,Candice Lucas,richardsonedward@test.org,2024-09-26 23:54:18
318,Andrea Martinez,sean47@tempemail.com,2024-01-20 21:36:26
319,Peggy Powell,cchandler@placeholder.net,2023-11-14 22:18:53
320,Joseph Walker,pharrell@demo.io,2024-03-14 22:01:45
321,Alison Garner,erichardson@sample.net,2023-11-20 21:40:10
322,Aaron Chavez Jr.,melaniebrown@example.com,2023-02-17 22:54:51
323,Gregory Parks,egould@demo.io,2024-06-18 05:37:41
324,Gregory Melendez,gardnerrobert@test.org,2024-09-29 07:29:08
325,James Carter,yvonne07@sample.net,2024-01-08 09:45:48
326,Jacob Miller,coopernatalie@mockmail.org,2023-11-03 17:12:58
327,Nicole Arnold,vanessa04@example.com,2024-12-23 15:52:45
328,Kaitlyn Lindsey,sherrykeith@sample.net,2024-04-05 21:28:02
329,Michael Woods,brittany89@sample.net,2023-11-13 12:18:54
330,Carol Curtis,thomas67@demo.io,2024-12-24 11:03:59
331,Anthony Tapia,carolyn87@demo.io,2023-06-30 03:48:10
332,Jacob Rush,forbesronald@tempemail.com,2024-05-25 10:22:44
333,Autumn Mathews,heidicarson@tempemail.com,2024-03-18 18:39:40
334,Christopher Nielsen,xthomas@placeholder.net,2024-01-13 00:57:00
335,Joseph Fitzgerald,nicole95@example.com,2024-01-22 11:37:29
336,Eric Duncan,johnsonmegan@placeholder.net,2024-07-19 18:28:58
337,Melissa Richards,rachel65@placeholder.net,2024-10-21 12:03:26
338,Rhonda Hopkins,lauren79@example.com,2023-07-23 15:17:48
339,Susan David,rojasmatthew@placeholder.net,2023-04-28 20:56:26
340,Julie Davis,omcgee@sample.net,2024-09-21 23:42:41
341,Walter Sawyer,hallsavannah@sample.net,2023-11-26 07:21:47
342,Sandra Lane,daisy92@sample.net,2024-04-01 07:35:20
343,Destiny Hill,justinyoung@tempemail.com,2023-07-21 14:00:59
344,Andrew Park,gina11@demo.io,2023-08-20 23:54:55
345,Richard Williamson,kcase@placeholder.net,2024-11-03 09:10:38
346,Brandon Marshall,wcarter@randomdomain.co,2025-01-17 23:48:01
347,Ashley Valdez,jose46@test.org,2024-11-28 15:41:43
348,Ryan Hawkins,raymonddavis@placeholder.net,2024-06-01 22:11:00
349,Teresa Torres,stephensrobert@mockmail.org,2023-11-26 13:59:13
350,Melissa Salazar,brownsteven@test.org,2024-10-08 10:36:14
351,Kari Smith,martinsmith@mockmail.org,2024-10-21 14:44:00
352,Brenda Foster,irodriguez@randomdomain.co,2023-02-13 00:40:10
353,William Rivas,lawrencerobinson@mockmail.org,2024-11-22 01:22:54
354,Jeremy Camacho,antonionelson@fakeemail.com,2023-05-19 04:15:00
355,Philip Dunn,tylercollier@example.com,2023-08-01 23:11:08
356,Mark Hunt,tdunn@sample.net,2023-03-01 16:24:38
357,Lynn Anderson,josemccoy@tempemail.com,2023-03-07 13:20:06
358,Joshua Harrington,andreagardner@fakeemail.com,2023-12-20 21:54:33
359,David Lindsey,tina68@tempemail.com,2024-12-22 12:28:43
360,Loretta Perry,hgarcia@randomdomain.co,2024-05-29 15:25:40
361,Allison Carter,galvantracy@demo.io,2024-07-08 05:27:53
362,Dawn Nixon,hannah83@sample.net,2023-11-18 07:15:50
363,Luke Rojas,brownderek@sample.net,2023-09-01 09:16:24
364,Tammy Rosario,angelaacosta@fakeemail.com,2023-12-01 19:20:21
365,Dawn Johnson,xlawson@tempemail.com,2023-12-01 02:55:08
366,Valerie Ballard,sandovalemily@fakeemail.com,2023-06-18 10:58:37
367,Jennifer Stein,cassandra45@mockmail.org,2023-03-10 03:48:41
368,Antonio Gray,miguelleonard@example.com,2024-08-24 21:14:31
369,Terri Walker,khunter@mockmail.org,2023-10-25 05:21:05
370,Kenneth Cooper,hbrown@sample.net,2024-12-22 13:21:42
371,Benjamin Matthews,qreeves@placeholder.net,2025-01-08 10:53:49
372,Michael Brown,michealwhite@demo.io,2024-04-07 18:08:47
373,Cameron Meyer,edwardrussell@demo.io,2024-05-11 14:06:15
374,Lori Shea,hterry@test.org,2024-03-20 22:42:48
375,Jason Russell,stephanie69@fakeemail.com,2024-08-16 17:13:17
376,Christopher Hale,olsonjames@example.com,2023-03-22 17:36:46
377,Brian Gomez,lcollins@mockmail.org,2023-11-11 12:52:55
378,Sean Hess,ramirezbrendan@test.org,2024-05-22 19:22:29
379,Cody Sullivan,lrivera@test.org,2023-12-19 11:56:32
380,Melissa Brady,jasmine40@tempemail.com,2023-11-03 18:48:27
381,Jessica Alvarez,qcollins@mockmail.org,2023-09-21 21:24:44
382,Derek Dickerson,sloandeborah@test.org,2024-04-04 04:20:19
383,Brandon Hill,kennethbarnett@randomdomain.co,2023-09-13 10:47:56
384,Patricia Howard,tylervasquez@tempemail.com,2023-08-13 12:36:54
385,Kelly Myers,ramirezjennifer@tempemail.com,2023-06-18 00:05:41
386,William Williams,snowdavid@randomdomain.co,2023-07-04 07:23:09
387,Mary Harris,buchanankimberly@randomdomain.co,2024-01-16 14:45:00
388,Bryan Peterson,brian45@demo.io,2023-11-06 01:09:35
389,Gregory Oliver,lcontreras@test.org,2024-09-11 02:36:02
390,Scott Williams,ericcooper@placeholder.net,2023-11-06 05:20:36
391,Jeffery Ramirez,bernard63@demo.io,2024-11-16 00:34:42
392,Brandon Richardson,jesusruiz@fakeemail.com,2023-11-21 16:17:43
393,Sheri Gonzalez,travis06@mockmail.org,2024-01-20 14:06:32
394,Holly Obrien,vwatson@sample.net,2023-11-18 09:48:35
395,Christopher Wilson,campbellchelsea@test.org,2023-05-25 00:09:45
396,Holly Glover,gpearson@mockmail.org,2024-04-23 16:17:48
397,Amanda Peterson,dorothywood@tempemail.com,2025-01-11 08:16:28
398,Andrew Moore,obooth@placeholder.net,2024-02-20 16:45:45
399,Robert Wright,kimberlysmith@mockmail.org,2024-12-12 22:18:43
400,Karen Henry,lewiscandice@fakeemail.com,2023-12-28 22:09:32
401,Jennifer Soto,elizabeth49@placeholder.net,2024-11-05 13:12:15
402,Rebecca Davis,udavis@test.org,2023-02-10 22:19:21
403,Steven Lopez,bjohnson@test.org,2024-03-09 15:23:14
404,Scott Owens,dwhite@tempemail.com,2024-03-26 03:12:40
405,Melanie Spencer,jonesgregory@tempemail.com,2024-07-15 14:58:32
406,Brittany Johnson,vincentrobert@sample.net,2024-12-23 12:10:01
407,Marco Dickerson,conradjennifer@tempemail.com,2024-03-20 08:52:02
408,Rhonda Cox,tjones@example.com,2023-03-23 01:19:44
409,Patricia Miller,samantha96@fakeemail.com,2023-06-14 04:17:20
410,Brandon Shannon,andrew54@example.com,2024-02-21 06:50:34
411,Kelsey Medina,gmcmahon@tempemail.com,2024-04-30 07:10:05
412,Tom Rivera,yeseniaswanson@tempemail.com,2023-10-26 22:12:42
413,David Suarez,fernandezmichael@demo.io,2024-04-29 01:24:56
414,John Davis,elizabethbautista@tempemail.com,2023-11-10 11:08:42
415,Nicholas Oneill,john37@tempemail.com,2024-09-02 15:24:22
416,John Galvan,jeffreyarnold@placeholder.net,2024-03-26 08:15:02
417,Timothy Scott,vblair@tempemail.com,2023-07-02 04:03:46
418,Danielle Pacheco,hjimenez@example.com,2024-03-19 03:43:42
419,Sharon Ford DDS,jimenezamanda@test.org,2023-07-21 04:21:52
420,Bruce Porter,ksmith@test.org,2024-09-21 12:46:42
421,Heidi Rogers,justin08@tempemail.com,2024-10-15 11:20:52
422,Devon Warren,hutchinsonpaul@tempemail.com,2024-04-04 08:22:51
423,Steven Park,johnsonsusan@tempemail.com,2023-08-23 14:48:17
424,Mary Herrera,david86@placeholder.net,2023-05-23 20:25:00
425,Kevin Fuller,twarren@placeholder.net,2024-04-10 01:36:02
426,Bradley Hernandez,jodi78@mockmail.org,2023-03-06 08:13:10
427,Sean Smith,james33@tempemail.com,2023-11-30 18:13:21
428,Jason Cox,kevin09@fakeemail.com,2024-01-15 12:21:29
429,Mr. Jared Brown,albert27@randomdomain.co,2023-03-19 03:29:22
430,Jessica King,juarezshawn@fakeemail.com,2024-05-31 03:19:13
431,Gabriella Davis,davidowens@mockmail.org,2024-05-23 20:21:22
432,Frank Wood,donald35@example.com,2024-09-10 01:08:25
433,Christine Reed,johnlewis@demo.io,2023-10-20 16:34:20
434,Renee Anderson,adrian23@tempemail.com,2023-07-08 15:12:13
435,Mr. Caleb Rodriguez,michael02@fakeemail.com,2023-08-25 02:17:47
436,Hannah Lee PhD,suarezjessica@randomdomain.co,2023-02-03 04:59:49
437,Marc Williamson,maloneashley@test.org,2024-10-30 09:39:03
438,Jason Middleton,qschmidt@mockmail.org,2024-04-24 00:10:35
439,Christopher Wilson,garciathomas@mockmail.org,2023-09-29 14:05:56
440,Mark Smith,juliegillespie@demo.io,2023-07-09 10:40:21
441,Rebecca Davis,iwest@example.com,2024-05-03 16:10:56
442,Krystal Hill,willisjustin@placeholder.net,2024-07-15 13:50:40
443,Leonard Johnson,hollyhogan@test.org,2024-09-10 11:45:08
444,Mr. Donald English,chelsea68@mockmail.org,2024-09-23 05:47:20
445,Michael Fischer,tylerneal@randomdomain.co,2024-03-20 06:34:14
446,Amanda Yang,kingjoseph@test.org,2024-03-16 13:40:44
447,Kathleen Reynolds,michaelhunt@randomdomain.co,2023-06-06 06:34:50
448,Vicki Carter,teresabaker@sample.net,2023-07-09 14:33:00
449,Timothy Scott,hillkelly@demo.io,2023-08-30 02:07:49
450,Debbie Weaver,tweiss@randomdomain.co,2023-11-22 11:42:51
451,John Scott,kennedydavid@sample.net,2023-02-06 05:20:06
452,Emily Osborne,melaniesanchez@tempemail.com,2024-03-15 09:50:27
453,Scott Martinez,jane90@fakeemail.com,2024-12-02 13:05:02
454,Joseph Jacobson,wburton@example.com,2024-06-11 17:18:54
455,Emily Daniels,malonelaura@test.org,2024-06-25 10:22:36
456,William Weber,makayla30@demo.io,2023-06-26 20:05:05
457,Joe Mitchell,williammiller@example.com,2025-01-22 07:52:31
458,Julia Key,ginaharrison@fakeemail.com,2024-07-01 03:14:20
459,Dylan Taylor,robert03@randomdomain.co,2024-06-17 21:11:11
460,Kevin Ashley,sheilarice@placeholder.net,2023-02-26 17:43:34
461,Brandi Rasmussen,smithjerry@mockmail.org,2024-11-09 23:20:27
462,Emily Sanders,woodsamanda@placeholder.net,2024-02-17 02:11:07
463,Laurie Thompson,leebrett@placeholder.net,2024-06-27 19:23:53
464,Glenn Molina,johnscott@example.com,2024-03-12 03:36:43
465,Amy Morris,qspence@tempemail.com,2024-03-26 07:43:14
466,Caitlin Hunt,theresabass@placeholder.net,2023-05-20 19:50:51
467,Shelley Donovan,jschwartz@example.com,2024-06-13 01:57:04
468,Gregory Schmidt,stacy64@example.com,2024-04-23 13:25:47
469,Nicole Foster,randy66@demo.io,2023-12-25 20:38:59
470,Daniel King,jstrickland@tempemail.com,2024-12-02 03:26:17
471,Rachel Graham,pollardjon@demo.io,2023-05-12 20:34:34
472,Felicia Johnson,michael92@randomdomain.co,2025-01-03 09:56:31
473,Dr. James Aguirre,gyoung@mockmail.org,2023-08-29 03:25:38
474,Danielle Zavala,browncharles@randomdomain.co,2023-03-30 15:46:37
475,David Andrews,rwilkins@sample.net,2024-09-08 09:05:05
476,Brian Gross,mitchelljason@tempemail.com,2024-09-01 21:35:08
477,Jose Taylor,dustin43@example.com,2023-04-26 05:47:07
478,Emily Brewer,gomezallen@example.com,2025-01-24 01:26:17
479,Richard Donovan,cookrobert@demo.io,2025-01-16 12:06:58
480,Michael Hess,kimberlybush@placeholder.net,2024-06-30 16:56:10
481,Anthony Zimmerman,brownheather@demo.io,2024-04-14 19:21:44
482,Sarah Smith,stephanieglenn@tempemail.com,2025-01-02 00:46:15
483,Leslie Nunez,edward65@sample.net,2023-02-27 04:45:40
484,Garrett Martinez,loretta19@placeholder.net,2025-01-13 23:30:53
485,Kevin Walker,martinezsarah@fakeemail.com,2024-09-06 20:59:43
486,Jeremy Morrow,jared37@test.org,2024-10-28 12:12:26
487,Michele Palmer,kiara28@example.com,2023-03-07 07:25:58
488,Michael Mathews,xsuarez@sample.net,2024-06-23 13:35:37
489,Rachel Martin,nicole91@mockmail.org,2023-02-11 20:58:46
490,Tonya Woodard,amandafernandez@placeholder.net,2024-11-08 23:31:55
491,Andrea Singleton,jacob50@sample.net,2024-03-05 08:21:03
492,Karina Tucker,angela41@test.org,2023-09-11 13:55:52
493,Dennis Rowe,robert75@mockmail.org,2024-08-26 14:53:00
494,Samuel Coleman,nicholas47@mockmail.org,2024-02-17 10:11:20
495,Kevin Miller,jeffery89@sample.net,2023-08-31 18:32:11
496,James Barajas,douglas75@example.com,2023-10-26 00:16:42
497,Alejandro Anderson,bryan20@demo.io,2024-01-06 06:11:09
498,Kristen Morris,kristine19@mockmail.org,2025-01-05 21:05:39
499,Gloria Kemp,sararose@placeholder.net,2023-11-10 04:42:17
500,Russell Finley,morrisleslie@demo.io,2024-02-02 02:55:59
501,Connie Lucas,elizabethhunter@fakeemail.com,2023-01-29 03:01:11
502,Dennis Craig,nashwilliam@example.com,2024-12-12 04:24:16
503,Charles Torres,michaellevine@placeholder.net,2024-02-23 09:17:53
504,Shaun Aguirre,wisepaul@fakeemail.com,2023-05-21 05:35:28
505,Jermaine Simpson,pearsonholly@example.com,2024-11-09 09:39:56
506,John Pierce,angelasantos@sample.net,2024-02-10 06:10:00
507,Ashley Smith,mallory59@demo.io,2024-06-17 03:24:48
508,Kayla Andrews,jacobvega@test.org,2023-04-07 22:49:53
509,Gary Smith,jamesjohnson@randomdomain.co,2023-03-23 06:03:07
510,Joseph Garrett,dwalters@randomdomain.co,2024-03-04 03:14:01
511,Daniel Adams,tamara61@randomdomain.co,2023-02-09 04:29:30
512,Robert Buck,jameswoods@mockmail.org,2024-09-07 19:57:54
513,Sydney Landry,uconley@randomdomain.co,2023-03-25 10:28:40
514,Chelsea Johnson,dmerritt@demo.io,2024-08-20 16:05:17
515,Ryan Cohen,ajackson@demo.io,2024-04-02 14:20:55
516,Bryan Reyes,lmoreno@placeholder.net,2024-01-28 11:30:40
517,Nicholas Petty,martinezluis@mockmail.org,2024-02-10 20:41:25
518,Benjamin Martin,sherring@tempemail.com,2024-10-06 04:13:55
519,Dr. Kim Smith DVM,jo01@randomdomain.co,2023-02-27 12:43:25
520,Susan Colon,haleymichael@example.com,2023-09-19 09:50:16
521,Christopher Peterson,kbrown@example.com,2023-10-21 08:52:04
522,John Henry,oconnorthomas@tempemail.com,2024-05-05 20:53:52
523,Gabriel Dickson,daniellerivas@test.org,2024-06-15 19:50:43
524,Joshua Winters,zferguson@fakeemail.com,2024-09-14 07:44:44
525,Joseph Berry,brucejack@test.org,2024-09-04 12:03:45
526,John Johnson,paul23@fakeemail.com,2024-02-04 10:06:46
527,Joel Acosta,christophermontgomery@placeholder.net,2023-05-01 22:30:08
528,David Smith,amandarodriguez@sample.net,2024-09-28 07:38:11
529,Ariana Miller,jmckee@randomdomain.co,2023-07-03 07:55:17
530,Mike Ross,delgadokristine@mockmail.org,2023-06-05 11:03:44
531,Gina Smith,robert60@randomdomain.co,2023-11-02 17:54:28
532,Kenneth Russell,bjones@tempemail.com,2023-09-11 02:10:46
533,Ms. Erica Johnson,sfisher@example.com,2024-05-07 02:12:00
534,Mr. Dale Anderson,garyalvarez@randomdomain.co,2023-07-07 16:41:25
535,Dawn Mcbride,enguyen@sample.net,2023-11-04 22:47:00
536,Sue Fuentes,mark98@demo.io,2023-12-17 08:30:37
537,Katie Davidson,zchavez@test.org,2024-03-20 22:35:48
538,Eric Waters,ikim@test.org,2023-07-16 10:48:48
539,Joseph Rowland,allen40@mockmail.org,2024-07-29 03:22:34
540,Donna Payne,dpoole@example.com,2023-11-28 15:30:32
541,John Gonzalez,stephanie01@demo.io,2024-11-25 05:26:15
542,Rebecca Garcia,adamsjoshua@demo.io,2024-11-14 21:07:53
543,Jean Lin,dawn57@test.org,2023-03-23 13:30:17
544,Kristen Chandler,thompsonmatthew@example.com,2024-08-20 00:22:47
545,Bethany Ramirez,mccormicktanya@mockmail.org,2023-05-07 03:37:47
546,Alice Miranda,ryansheppard@test.org,2024-08-07 13:53:55
547,Corey Barker,baxteralyssa@test.org,2024-06-03 08:11:43
548,Spencer Willis,rojaskim@placeholder.net,2023-03-16 06:19:25
549,Gregory Meyers,mary24@fakeemail.com,2024-09-03 15:07:32
550,Terry Bailey,scottmarshall@demo.io,2024-06-27 04:15:23
551,Sandra Castillo,edwardsdeborah@sample.net,2023-06-27 23:47:05
552,Glenda Watson,wolfglenn@sample.net,2023-10-28 07:01:13
553,Ashley Fischer,butlerdeanna@demo.io,2024-03-20 20:00:50
554,Monica Garner,zsmith@test.org,2024-07-05 08:26:21
555,Gabrielle Schroeder,davischris@fakeemail.com,2024-06-21 05:35:23
556,Whitney Pineda,jeffrey44@mockmail.org,2023-02-01 11:01:10
557,Shelly Harris,monicahendricks@demo.io,2024-10-29 18:47:01
558,Victoria Brown,andrea81@demo.io,2024-01-11 23:57:16
559,Richard Howard,ncabrera@fakeemail.com,2024-05-19 15:00:02
560,Kenneth Coleman,christopher37@placeholder.net,2023-03-06 18:08:58
561,Richard Pugh,lmartin@test.org,2024-12-03 19:38:19
562,Brandy Young,patrickryan@demo.io,2025-01-16 02:20:32
563,Bruce Jones,mcrawford@randomdomain.co,2024-01-23 10:56:31
564,Dale Williams,taylormahoney@mockmail.org,2023-08-31 06:44:39
565,Harry Austin,matthewsimmons@example.com,2024-03-20 11:21:49
566,Brian Cox,brownalvin@randomdomain.co,2024-12-19 11:57:50
567,Johnny Patterson,jacquelinechase@randomdomain.co,2023-09-06 17:45:10
568,Christine Osborne,lisacarroll@example.com,2024-06-13 13:41:16
569,Lauren Perez,hannah92@sample.net,2023-08-20 03:23:43
570,Kimberly Pugh,erika55@placeholder.net,2023-06-06 17:17:10
571,Whitney Bennett,robertsrhonda@fakeemail.com,2024-08-28 21:07:32
572,Garrett Sanders,dwilliams@placeholder.net,2023-03-15 22:33:47
573,Amy Franklin,brittanynielsen@test.org,2024-09-25 22:19:49
574,Kari Hanson,mmccoy@sample.net,2024-12-30 17:44:05
575,James Wilson,ksmith@example.com,2023-04-07 18:07:43
576,Timothy Luna,jbrady@randomdomain.co,2023-01-30 23:51:20
577,Terri Atkins,omurphy@placeholder.net,2023-03-28 08:01:35
578,Jennifer Martin,jack86@demo.io,2023-09-13 18:39:20
579,Spencer Lee,edwardscarol@example.com,2023-02-16 18:15:17
580,Brandon Scott DDS,darlene70@randomdomain.co,2024-04-19 04:17:36
581,Alan Mitchell,deborah20@placeholder.net,2024-06-16 06:50:46
582,Chad Ortega,pmoore@test.org,2023-11-09 23:41:42
583,Heather Martinez,melissamartin@fakeemail.com,2024-01-12 14:50:02
584,Marcus Cobb,johnsoncindy@example.com,2024-04-23 12:54:38
585,Danielle Jones,kentdeborah@tempemail.com,2023-11-08 06:18:39
586,Katrina Harrison,juan07@sample.net,2024-11-22 03:00:14
587,Tammy Evans,joyce57@demo.io,2024-02-19 20:50:49
588,Melissa West,jonathan12@mockmail.org,2023-06-05 13:41:34
589,John Luna,adrian55@fakeemail.com,2023-08-14 17:11:57
590,Dawn Stephens,baileydenise@fakeemail.com,2024-02-16 17:25:03
591,Jaclyn Allen,moodyleah@tempemail.com,2024-08-12 14:55:28
592,Kevin Oneal,lisasimmons@placeholder.net,2024-04-23 01:49:56
593,Michael Munoz,qdiaz@fakeemail.com,2024-11-27 10:14:26
594,Jason Ramos,sandramayer@test.org,2023-05-02 05:29:06
595,Jack Welch,tconley@placeholder.net,2025-01-26 02:28:19
596,Gabriel Hernandez,jmerritt@randomdomain.co,2024-01-07 21:15:19
597,Daniel Meyer,wallacesamuel@mockmail.org,2023-08-06 20:40:42
598,Terry Clark,tmartinez@example.com,2023-03-27 18:54:03
599,Christopher Ellis,ericasandoval@fakeemail.com,2024-02-03 06:33:45
600,Nathaniel Spencer,hosamantha@fakeemail.com,2024-08-17 11:23:23
601,Marilyn Reyes,kyleacosta@placeholder.net,2024-08-15 22:56:17
602,Tina Jarvis,whitedean@mockmail.org,2023-08-30 13:57:50
603,Jennifer Meza,kimberly05@sample.net,2023-11-13 10:21:03
604,Matthew Dixon,elizabeth43@example.com,2024-09-18 04:29:09
605,Vanessa Turner,lauragomez@fakeemail.com,2024-02-04 05:38:06
606,Joan Hanson,xavierburke@demo.io,2023-03-05 18:17:09
607,Douglas Hansen,tevans@demo.io,2024-06-25 17:42:28
608,Matthew Moore,nancymccarty@sample.net,2023-11-03 02:22:52
609,Brenda Ruiz DVM,megan80@placeholder.net,2024-08-28 03:21:11
610,Katie Knight,ralexander@randomdomain.co,2023-11-22 17:28:22
611,Dennis King,deanna91@placeholder.net,2023-12-25 23:15:29
612,Connor Stuart,hjohnson@fakeemail.com,2024-08-18 16:16:19
613,Angel Oneal,hgray@placeholder.net,2024-12-25 12:51:18
614,Mathew Mckenzie,brittanybradshaw@randomdomain.co,2023-06-01 07:53:34
615,Mrs. Judy Wright,bennettrachel@randomdomain.co,2024-06-17 00:09:16
616,Sarah Curtis,laurawilliams@mockmail.org,2023-03-20 16:31:30
617,Lauren Horton,wharvey@tempemail.com,2024-01-21 18:36:30
618,Corey Cabrera,lpugh@example.com,2024-06-28 13:43:12
619,Eric Wood,rbarnes@demo.io,2025-01-26 07:57:01
620,Gilbert Martinez,williamscole@mockmail.org,2024-11-11 02:31:31
621,Alicia Baldwin,megan61@sample.net,2023-12-13 21:02:53
622,Jennifer Vazquez,hintonmarissa@example.com,2023-06-29 21:03:13
623,Erica Miller,tina07@test.org,2023-03-31 15:43:52
624,Jose Elliott,kevinbrown@fakeemail.com,2024-02-29 00:06:25
625,Alyssa Gilbert MD,burnettbeth@randomdomain.co,2023-10-15 13:46:18
626,Michael Scott,vazquezwilliam@mockmail.org,2023-11-16 05:21:57
627,Brenda White,joshuacampos@demo.io,2024-09-29 00:34:55
628,Drew Cameron,mcguiretraci@placeholder.net,2023-10-23 21:26:44
629,Monique Moore,uwalker@fakeemail.com,2023-07-02 06:41:21
630,Stephanie Martin,bowenbrian@placeholder.net,2024-06-07 13:37:41
631,Pamela Johnson,andrewgonzalez@placeholder.net,2024-12-30 01:35:20
632,Katelyn White,jameshall@placeholder.net,2023-02-25 12:55:51
633,Dawn Ramirez,glennmartin@placeholder.net,2023-06-04 15:55:32
634,Ryan Wilson,sonyagilbert@test.org,2024-03-09 21:11:05
635,Nichole Frazier,jenningskimberly@placeholder.net,2023-06-04 22:25:52
636,Stephen Stout,brownroger@tempemail.com,2024-01-06 18:32:12
637,Patrick Johnson,trevorbrewer@mockmail.org,2024-11-26 00:59:16
638,Allison Winters,hreed@example.com,2024-04-06 14:22:08
639,Bryan Barnes,melissalowery@demo.io,2023-06-05 05:47:40
640,Sarah Smith,nelsonrebecca@test.org,2024-06-17 05:05:53
641,Danielle Martinez,tina14@example.com,2023-12-06 05:13:03
642,Matthew Flores,carriesullivan@tempemail.com,2024-11-12 10:17:57
643,Sean Estes,dbecker@fakeemail.com,2023-07-25 06:52:34
644,Xavier Holder,nhayes@placeholder.net,2023-09-17 04:01:25
645,Ernest Thomas,ynelson@tempemail.com,2024-07-27 20:22:04
646,Barbara Shelton,patriciafranco@mockmail.org,2024-01-14 15:57:49
647,Dana Berger,victoria20@fakeemail.com,2023-02-06 06:22:43
648,Cynthia Chambers,henryshort@sample.net,2024-08-02 21:41:41
649,Amanda Delacruz,jacksonchristopher@randomdomain.co,2024-08-06 19:54:53
650,William Colon,ibell@tempemail.com,2024-07-03 11:47:11
651,Seth Moore,mmiles@example.com,2024-12-30 11:26:08
652,Christopher Dixon,melissamcdaniel@placeholder.net,2023-10-17 04:41:21
653,Steve Reynolds,keithtabitha@test.org,2023-07-16 19:18:58
654,Michael Peterson,kevinjackson@fakeemail.com,2023-12-08 04:53:47
655,Michael Campbell,ydaniels@sample.net,2025-01-08 04:14:30
656,Christopher Sharp,fshea@test.org,2023-02-02 05:47:57
657,Tammy Sweeney,allenchristina@mockmail.org,2024-08-14 03:20:26
658,Mrs. Amber Lawrence,silvathomas@test.org,2023-11-18 13:53:44
659,Mark Nelson,francisco95@randomdomain.co,2025-01-22 21:43:51
660,Cheryl Jordan,makaylabrown@randomdomain.co,2024-03-13 04:04:43
661,Kevin Allen,stephanie05@example.com,2024-09-28 03:35:38
662,Christopher Campbell,johnharvey@fakeemail.com,2023-06-07 21:41:51
663,Justin Hernandez,joneslinda@mockmail.org,2024-09-21 01:03:38
664,Tammie Klein,gdixon@test.org,2023-04-06 16:25:19
665,Robert Vasquez,zimmermanamanda@placeholder.net,2023-12-13 20:50:43
666,Benjamin Collins,ericmurray@mockmail.org,2023-04-15 08:58:25
667,Jamie Mason,bradylauren@demo.io,2023-08-20 14:11:51
668,Bradley Ray,edwardssandra@randomdomain.co,2024-06-06 07:09:13
669,Brett Gates,staceycole@test.org,2023-03-17 04:28:42
670,Michael Hughes,xmoody@tempemail.com,2023-05-27 19:30:16
671,Marcus Wilson,watsonamber@example.com,2024-02-22 21:48:14
672,Patrick Clark,allisontaylor@placeholder.net,2023-12-01 10:09:56
673,Denise Mitchell,katrinasnyder@example.com,2023-02-10 03:31:43
674,Russell Harris,twilson@placeholder.net,2024-05-13 13:25:06
675,Amanda Nixon,zbailey@tempemail.com,2024-03-07 18:42:52
676,Patrick Sanders,hbriggs@mockmail.org,2023-11-27 09:53:24
677,Andrea Jones,edwardsleslie@demo.io,2023-07-05 01:49:40
678,James Schaefer,amata@mockmail.org,2023-09-29 07:55:24
679,Tracy Reed,owhite@sample.net,2023-03-05 11:06:08
680,Tamara Watts,hbanks@fakeemail.com,2024-04-29 08:18:20
681,Erik Jones,longjohn@randomdomain.co,2024-01-11 22:04:59
682,Lisa Holt,jason95@demo.io,2024-05-22 00:36:14
683,Christy Smith,maymary@example.com,2023-02-13 19:10:02
684,Stephanie Moss,yshepherd@sample.net,2023-07-05 20:19:48
685,Laurie Merritt,hpeck@demo.io,2023-12-20 10:50:03
686,Robert Garner,melissa34@demo.io,2023-07-03 04:52:20
687,Corey Smith,icrawford@tempemail.com,2024-10-27 00:30:37
688,Amanda Johnson,diana59@fakeemail.com,2023-08-29 04:54:23
689,Mercedes Robinson,jeffreywilcox@randomdomain.co,2024-08-30 12:10:02
690,Judith Kerr,sarah04@mockmail.org,2024-10-08 21:23:54
691,Jennifer Greene,greenryan@placeholder.net,2023-08-24 19:42:54
692,Brendan Ward,rebecca48@test.org,2023-02-25 11:50:23
693,Samuel Ramirez,martinlindsey@fakeemail.com,2024-02-10 14:10:20
694,John Marshall,tiffany17@test.org,2024-12-21 04:18:01
695,Tina Malone,probinson@test.org,2024-06-29 15:58:17
696,Gabriela Sanchez,gilbertjonathan@example.com,2024-02-25 00:47:15
697,Roberto Davis,crystal41@tempemail.com,2024-04-27 09:58:53
698,Heather Weiss,chadpowell@fakeemail.com,2024-02-15 19:18:23
699,Robert Moore,fjohnson@demo.io,2024-01-08 01:29:48
700,Debbie Scott,joshuastephens@demo.io,2024-07-26 18:43:22
701,Sara Phillips,gabriel09@tempemail.com,2024-09-02 12:32:46
702,Aaron Wong,dweber@fakeemail.com,2024-06-19 04:35:36
703,Stephanie Taylor,meyerzachary@mockmail.org,2024-05-10 22:35:37
704,Shannon Morrison,brian40@fakeemail.com,2024-04-18 13:18:10
705,Troy Hayes,ddouglas@placeholder.net,2024-09-23 01:58:34
706,Brooke Davis,phillip36@placeholder.net,2024-12-05 14:33:44
707,John Lin,austin43@demo.io,2023-10-17 17:58:29
708,Taylor Mitchell,tiffany10@fakeemail.com,2024-07-05 22:45:03
709,Cynthia Burton,xturner@test.org,2025-01-27 00:41:39
710,Aaron Thomas,klineelizabeth@fakeemail.com,2023-02-19 16:08:43
711,Sarah Singleton,reynoldsdavid@placeholder.net,2024-04-06 22:08:26
712,John Sosa,lozanosarah@example.com,2023-10-13 12:54:09
713,Robert Watson,stacy09@mockmail.org,2024-07-04 05:00:12
714,Audrey Davidson,griffithjoel@example.com,2024-07-19 17:42:32
715,David Banks,tayloryoung@randomdomain.co,2024-09-04 20:56:18
716,Jenna Rose,lindsayroberts@test.org,2023-10-25 14:57:23
717,Ms. Brooke Hunter PhD,ecortez@demo.io,2023-02-03 08:57:59
718,Kayla Patton,kimberlythompson@tempemail.com,2024-05-04 14:41:17
719,Bryce Garza,richardsonjohn@sample.net,2024-06-30 14:03:06
720,Todd Brooks,monicadouglas@tempemail.com,2025-01-27 15:03:03
721,Kari Schneider DDS,trevor46@test.org,2024-07-19 01:23:12
722,Daniel Doyle,colevelasquez@tempemail.com,2024-10-29 09:12:35
723,Mrs. Angela Garza MD,roger22@mockmail.org,2023-08-03 01:30:32
724,David Hanson,vkline@randomdomain.co,2023-01-29 04:48:23
725,Jennifer Cooper,browncolleen@sample.net,2023-05-03 07:18:40
726,Elizabeth Holmes,thomasmary@sample.net,2024-04-13 14:55:35
727,Kevin Smith,xford@test.org,2023-05-01 10:09:07
728,Destiny Perez,hschneider@placeholder.net,2024-08-10 01:24:31
729,Jessica Gomez,dustin08@randomdomain.co,2023-08-04 21:24:26
730,Scott Jenkins,gregoryerin@placeholder.net,2024-03-13 02:36:25
731,Madison Lee,allenmark@fakeemail.com,2023-09-09 11:37:21
732,Gregory Murphy,qbrennan@sample.net,2024-06-15 18:42:39
733,Lori Frazier,dbanks@example.com,2025-01-15 22:06:18
734,Joseph Shah,john29@mockmail.org,2024-10-16 16:05:56
735,Maria Smith,mitchelldebbie@tempemail.com,2024-12-04 18:01:53
736,April King,rhodesruben@example.com,2024-11-17 16:25:51
737,Jeremy Clarke,jasonsuarez@randomdomain.co,2023-04-09 11:09:53
738,Mr. Joshua Ramirez MD,janet53@test.org,2024-06-29 09:43:17
739,Lisa Rosales,warrenmark@sample.net,2023-12-06 01:24:08
740,Brandy Liu,bobby41@placeholder.net,2023-11-25 04:52:00
741,Shane Hayes,mcfarlandmark@placeholder.net,2023-07-27 11:18:15
742,Nicole Moore,weaverpamela@tempemail.com,2023-06-01 00:09:22
743,Alicia Crawford,karenmata@placeholder.net,2023-02-21 04:33:46
744,Leslie Gonzalez,mary98@sample.net,2024-08-20 13:44:16
745,John Hansen,hmartin@placeholder.net,2024-02-20 08:15:57
746,Scott Walsh,tylercourtney@fakeemail.com,2024-01-04 11:30:17
747,Wanda Romero,gtran@tempemail.com,2023-08-03 10:32:10
748,Amber Rogers,michelleellis@example.com,2024-09-29 06:26:18
749,Taylor James,gmartin@randomdomain.co,2023-09-23 02:50:48
750,Richard Mendoza,kristanelson@placeholder.net,2023-04-11 11:24:15
751,Courtney Turner,connerleslie@test.org,2023-10-22 15:20:48
752,Karen Webb,kaitlyn63@example.com,2023-12-14 18:22:03
753,William Delacruz,gregoryburke@randomdomain.co,2023-02-13 18:21:49
754,Patricia Rich,charles21@demo.io,2024-03-02 02:34:17
755,Jennifer Thomas,wilkinsondouglas@mockmail.org,2024-10-04 08:16:48
756,Valerie Morgan,wyatt69@test.org,2023-06-15 04:59:52
757,Jeanette Summers,molinaaustin@placeholder.net,2023-05-01 11:08:17
758,Brandy Barber,ashleybradford@demo.io,2023-08-11 07:57:09
759,Derrick Santiago,nicolelambert@randomdomain.co,2023-03-29 22:34:47
760,Derek Alvarez,johnhernandez@tempemail.com,2024-06-26 17:43:04
761,Kristina Ballard,rbarnes@example.com,2023-05-14 22:07:25
762,Sara Carter,jonathan70@mockmail.org,2024-07-03 19:10:33
763,James Phillips,ocaldwell@placeholder.net,2024-12-18 01:30:07
764,Ashley Ochoa,ethomas@demo.io,2023-02-18 17:34:01
765,Eric Taylor,gonzalezmolly@mockmail.org,2023-09-10 06:00:21
766,Brittany Clark,jacob38@mockmail.org,2023-04-26 08:37:33
767,Ashley Morton,ipaul@randomdomain.co,2023-09-09 21:25:38
768,Lauren Ali,greenpaul@fakeemail.com,2024-01-08 15:01:50
769,Nathan Fox,evanslisa@example.com,2023-10-12 01:34:18
770,Robert Rivera,sonyazamora@demo.io,2023-09-16 18:52:17
771,Lynn Harrison,ncarpenter@placeholder.net,2024-06-23 19:51:35
772,Vincent Dillon,pamelahancock@mockmail.org,2023-06-20 05:58:27
773,Tina Murphy,lyonskaren@sample.net,2023-12-02 22:51:44
774,Jennifer Martin,bassdaniel@placeholder.net,2023-05-08 23:23:10
775,Stephanie Banks,nmartinez@placeholder.net,2024-03-07 18:59:54
776,Cynthia Williams,michaelfloyd@tempemail.com,2024-03-05 15:07:13
777,Catherine Turner,ljohnson@randomdomain.co,2024-07-30 16:33:59
778,Richard Lopez,mariastewart@example.com,2024-12-30 05:17:19
779,Mary Nelson,gail99@tempemail.com,2023-10-17 20:50:02
780,Justin Bean,cardenassierra@sample.net,2023-12-31 19:05:37
781,Jacob Kelley,sandragonzalez@mockmail.org,2024-01-29 01:22:15
782,Carrie Schultz,hamiltonrobert@demo.io,2024-12-08 07:08:01
783,Christine Morris,fjohnson@example.com,2024-02-21 11:37:18
784,David Miller,pbradley@fakeemail.com,2024-03-31 13:36:04
785,Teresa Cole,johnsonadam@test.org,2024-10-12 13:52:41
786,Dorothy Johnson,ulucero@placeholder.net,2024-09-25 08:44:58
787,Chris Valdez,jose45@example.com,2023-07-31 16:32:56
788,Melanie Butler,chelseywilliams@example.com,2024-04-26 22:31:10
789,Jennifer Hensley,bernard65@example.com,2024-11-06 14:02:00
790,Michelle Peters,joe09@demo.io,2024-08-12 01:56:35
791,Maria Burns,morganyang@demo.io,2024-07-29 19:05:56
792,Brendan Garcia,maryreeves@placeholder.net,2023-06-26 10:56:26
793,Ryan Davis,lisa83@fakeemail.com,2023-02-28 06:12:11
794,Kimberly Lawrence,joseph21@fakeemail.com,2024-07-25 03:20:00
795,James Singh,uoneill@tempemail.com,2025-01-21 09:40:38
796,Nicole Mercer,swansonjames@fakeemail.com,2024-09-17 05:30:02
797,Carrie Rhodes,matthew97@mockmail.org,2023-03-04 07:16:59
798,Christopher Mason,michaelcox@fakeemail.com,2023-10-15 20:15:53
799,John Ballard,ronaldhall@randomdomain.co,2024-05-07 09:26:39
800,Dylan Nguyen,andrew49@sample.net,2023-12-11 01:25:21
801,Timothy Barton,jonathanwright@mockmail.org,2023-05-16 12:47:42
802,James Preston,taylorshannon@placeholder.net,2024-09-08 23:08:25
803,Judith Avila,scontreras@sample.net,2023-05-18 06:27:22
804,Thomas Rowe,churst@placeholder.net,2023-05-10 04:06:36
805,Joy Sanchez,bishopbob@mockmail.org,2024-01-31 07:37:01
806,Kendra Lyons,wendychapman@test.org,2024-05-02 01:35:11
807,Roy Morales,wmurphy@demo.io,2024-01-02 21:48:02
808,Tamara Hunter,deborahsmith@randomdomain.co,2023-05-22 19:34:53
809,Jonathon Guzman,anthonyfrederick@mockmail.org,2024-11-06 08:07:22
810,William Gonzalez,mashley@randomdomain.co,2023-08-12 01:31:26
811,Nicole Chung,crystaljohnson@example.com,2024-11-25 19:41:46
812,Heather Harris,mariewu@test.org,2024-03-21 04:26:26
813,Jessica Nielsen,jennifercarter@placeholder.net,2024-05-24 19:57:14
814,Jeremy Rodgers,ishelton@mockmail.org,2023-08-29 06:07:21
815,Zachary Jordan,pagejonathan@mockmail.org,2024-03-22 00:40:33
816,Dr. Joshua Miller,gortega@tempemail.com,2024-05-09 04:05:19
817,Rebekah Sanders,aliciagarcia@sample.net,2024-11-05 20:25:39
818,Jimmy Beltran,james32@example.com,2023-09-02 21:59:00
819,Ariana Cook,louisramirez@tempemail.com,2023-09-23 08:12:06
820,Mark Carroll,randall37@example.com,2024-06-21 16:34:25
821,George Nguyen,kristen93@mockmail.org,2023-09-08 03:26:02
822,Anthony Robbins,phillipsroberto@test.org,2023-05-20 03:33:54
823,Roy Brown,shawn39@example.com,2025-01-07 00:18:20
824,Stephanie Ferrell,xmacdonald@mockmail.org,2024-05-13 22:10:04
825,Kylie Wall,debra42@fakeemail.com,2023-04-26 18:57:49
826,Bobby Kaiser,johnny18@fakeemail.com,2023-05-07 21:21:05
827,Lindsey Washington,fowlergregory@mockmail.org,2024-10-26 03:54:13
828,Robert Davidson,paula05@demo.io,2024-02-23 06:35:49
829,Paul Adkins,rodriguezkrystal@demo.io,2024-03-12 14:46:08
830,Hailey Reynolds,sydney67@tempemail.com,2023-07-31 07:41:24
831,Brian Cherry,lauren85@tempemail.com,2025-01-09 12:36:37
832,Jennifer Lane,georgekelly@example.com,2023-12-11 10:51:50
833,April Murray,petersenmaria@test.org,2024-12-09 15:27:29
834,Mary Stewart MD,parkerjoseph@test.org,2023-05-28 02:52:59
835,Lawrence Marshall,paula66@mockmail.org,2024-10-22 12:23:23
836,Anne Gibbs,msmith@mockmail.org,2023-02-18 04:49:34
837,April Hill,charleswyatt@placeholder.net,2023-12-06 17:15:23
838,Nicole Ferguson,donnabaker@test.org,2023-05-24 01:09:53
839,John Johnson,keith84@example.com,2023-09-14 18:50:45
840,Isaac Stanton,michaelmahoney@test.org,2023-07-25 21:19:23
841,Megan Stevens,christopher85@example.com,2023-10-12 05:07:04
842,Jonathan Stein,craigedwards@example.com,2024-05-18 18:38:42
843,Robert Russell,darrelldougherty@fakeemail.com,2024-05-13 07:21:24
844,Colin Camacho,manuel03@randomdomain.co,2024-07-05 17:23:29
845,Katherine Riggs,karenherman@fakeemail.com,2023-10-08 21:05:58
846,Kevin Burgess,brookskimberly@demo.io,2024-03-06 19:45:15
847,Stephanie Anderson,kellysara@sample.net,2023-10-19 11:26:26
848,David Lawrence,callen@test.org,2023-05-21 02:40:51
849,Heather Scott,bfields@demo.io,2024-08-18 02:31:07
850,Kiara Mendoza,barbara25@fakeemail.com,2024-09-16 13:59:57
851,Brendan Zimmerman,yrobinson@sample.net,2024-06-16 13:45:59
852,Jose Wilson,robertopeterson@tempemail.com,2023-07-04 02:45:09
853,Kevin Singh,shelly04@fakeemail.com,2023-08-20 21:27:29
854,Zoe Griffin,kristenboyer@placeholder.net,2024-06-30 09:56:03
855,Lori Castillo,wayne34@example.com,2023-02-19 04:15:40
856,Samuel Singh,odiaz@placeholder.net,2024-01-12 10:58:14
857,Danielle Brown DVM,iferguson@demo.io,2024-11-27 11:50:45
858,Thomas Garza,rpatel@demo.io,2023-02-24 07:33:16
859,Heather Young,melissamartinez@fakeemail.com,2023-08-14 20:19:32
860,Bryan Reed,stephanie96@sample.net,2024-01-09 08:12:41
861,Christina Chandler,johnsonvictor@test.org,2025-01-23 20:30:15
862,Bryan Hawkins,laura58@example.com,2024-10-19 18:25:57
863,Katrina Thornton,webersarah@example.com,2023-08-12 12:06:49
864,Karen Peterson,kellyadams@fakeemail.com,2023-04-12 01:35:58
865,Jennifer Hatfield,theodoretucker@demo.io,2024-04-18 16:09:30
866,Nicole White,ymcconnell@sample.net,2024-02-29 21:40:30
867,Michael Taylor,jonathanrodriguez@test.org,2024-06-24 21:56:55
868,Caroline Jensen,dawn81@placeholder.net,2023-07-07 02:09:14
869,Kristen Glass,adamsjason@test.org,2023-05-07 19:39:29
870,Raymond Vasquez,jennifer62@example.com,2024-02-11 20:51:01
871,Kathy Smith,woodjo@randomdomain.co,2024-07-29 12:53:01
872,Karen Richard,matthewsanchez@test.org,2024-10-26 03:27:31
873,Carrie Barr,bradshawamanda@randomdomain.co,2023-02-15 20:33:37
874,Katie Weeks,stephaniewilson@randomdomain.co,2024-07-07 23:34:19
875,Thomas Huang,marciataylor@randomdomain.co,2024-10-12 07:37:02
876,Deborah Ross,meyerdavid@mockmail.org,2024-07-24 17:03:59
877,Cole Carpenter,michaelmiles@demo.io,2023-09-08 05:37:02
878,Andrew Nash,martinezdavid@randomdomain.co,2023-12-13 02:01:05
879,Bryan Adams,davidvasquez@placeholder.net,2024-07-31 12:45:40
880,Paul Carey,brianwells@mockmail.org,2024-11-11 06:15:55
881,Jeremiah Brown,chodges@tempemail.com,2024-04-02 15:22:12
882,Gabriella Pena,jillian75@demo.io,2024-11-14 03:10:27
883,Brian George,fscott@tempemail.com,2024-09-26 16:05:30
884,Heather Ewing,jeanette35@example.com,2023-05-15 16:36:59
885,Daniel Pitts,justin05@test.org,2023-04-05 07:06:46
886,Brandy Padilla,lmiller@placeholder.net,2023-01-29 17:29:16
887,Bradley Riddle,ashepherd@test.org,2024-04-02 14:38:52
888,Brandon Cox,hrivera@example.com,2023-03-18 06:57:45
889,Mike Russell,jimeneznathan@fakeemail.com,2024-03-25 03:39:29
890,Christine Forbes,brittany14@sample.net,2024-07-16 15:53:13
891,Brandy Banks,kristinpierce@mockmail.org,2024-11-02 05:23:56
892,Breanna Williams,andrea93@fakeemail.com,2024-02-03 08:46:22
893,Kimberly Warner,terryrichardson@tempemail.com,2024-07-14 06:52:15
894,Abigail Nelson,nathancurtis@test.org,2023-03-26 17:01:44
895,Robert Fowler,victoria95@mockmail.org,2024-01-27 15:06:49
896,Thomas Anderson,kimberlysmith@tempemail.com,2023-09-09 00:58:08
897,Dale Ray,mswanson@test.org,2023-08-17 04:17:58
898,Jeffrey Ryan,sullivanrobert@fakeemail.com,2023-04-03 18:36:52
899,Jessica Hudson,robert02@fakeemail.com,2024-09-23 21:13:43
900,Lauren Wallace,lstewart@example.com,2024-09-30 21:31:16
901,Kaylee Wells,tiffanyramirez@placeholder.net,2023-03-21 09:17:51
902,William Powell,trevor79@test.org,2023-07-28 15:51:26
903,Stephanie Frazier,xsanchez@test.org,2024-03-04 01:56:11
904,Michele Cox,spatterson@fakeemail.com,2024-07-01 23:46:00
905,Mary Greene,teresa61@tempemail.com,2024-11-24 03:09:16
906,Sheila Lewis,julia29@fakeemail.com,2023-09-16 20:18:53
907,Sara Bailey,jonathan03@sample.net,2023-12-12 15:39:33
908,Dr. Michelle Rivera MD,cvasquez@demo.io,2023-06-27 04:45:27
909,Cody Gould,kristendecker@tempemail.com,2024-09-05 02:32:44
910,Jonathan Hess,andre30@randomdomain.co,2025-01-09 08:19:47
911,Rebecca Rowland,vzamora@demo.io,2023-06-09 11:17:05
912,Claire Orr,fisheraustin@test.org,2023-10-17 05:15:42
913,Louis Brady,jhill@demo.io,2023-05-13 09:15:50
914,Paige Anderson,jose13@randomdomain.co,2024-02-01 19:50:01
915,Michael Hooper,annkeith@demo.io,2023-11-24 15:11:44
916,Carolyn Murray,laurahull@demo.io,2024-12-23 17:02:46
917,Stephen Schmidt,timothy88@example.com,2024-06-30 17:23:44
918,Benjamin Waters,bailey72@sample.net,2023-10-26 09:29:52
919,Jennifer Carpenter,ginaking@example.com,2024-12-25 08:01:51
920,Amy Acosta,sarah63@placeholder.net,2024-06-17 07:08:00
921,Nicole Meadows,kathleenlee@placeholder.net,2024-09-04 18:03:51
922,Ryan Mendoza,thomaspeterson@fakeemail.com,2024-10-19 07:55:45
923,Clifford Williams,frank61@demo.io,2024-01-28 23:47:57
924,Susan Day,sandra57@test.org,2023-11-02 15:18:51
925,Elizabeth Hernandez,andrewrodgers@randomdomain.co,2023-04-05 06:59:02
926,Emma Joseph,mjames@randomdomain.co,2023-10-19 03:05:49
927,Savannah Gonzales,obuckley@example.com,2023-09-23 12:43:24
928,Claudia Smith,michael33@sample.net,2023-06-15 23:11:11
929,Monique Villanueva,stevenwilliams@test.org,2023-05-14 14:16:17
930,Stanley Padilla,michaelwilliams@fakeemail.com,2023-04-20 06:12:03
931,James Kennedy,ellisleslie@tempemail.com,2023-12-26 14:08:43
932,Kimberly Collins,cody67@sample.net,2023-08-05 07:06:41
933,James Lee,jenniferalvarado@example.com,2024-07-24 15:42:35
934,Laura Stephens,leslie19@example.com,2023-09-26 16:17:25
935,Jonathan Sullivan,herrerajason@mockmail.org,2024-02-21 20:36:12
936,Kristin Maddox,sabrina59@fakeemail.com,2024-12-11 10:51:27
937,Brittany Erickson,tapiakristin@tempemail.com,2024-02-27 16:22:16
938,Nathan Phillips,uaguilar@demo.io,2023-03-27 06:59:00
939,Elizabeth Moreno,sdavis@randomdomain.co,2024-05-26 04:33:47
940,Daryl Saunders,sheilawalton@fakeemail.com,2024-04-11 23:56:40
941,Ashlee Terry,twhite@test.org,2023-07-11 22:45:39
942,Wesley Berry,jessicaramos@example.com,2023-07-15 15:19:09
943,Joseph Burns,rogersholly@demo.io,2024-11-28 17:59:26
944,Charles Floyd,benjamin65@fakeemail.com,2024-12-13 06:10:25
945,Linda Taylor,rbutler@example.com,2024-10-07 21:40:45
946,Benjamin Maxwell,emily96@demo.io,2024-05-21 11:30:02
947,Kerry Heath,danielamy@sample.net,2023-12-18 21:32:31
948,Kara Long,mark59@demo.io,2023-07-12 14:51:59
949,Nathaniel Horton,brandonbecker@demo.io,2024-11-20 00:06:15
950,Edwin Walsh,willisjessica@test.org,2024-11-16 00:13:32
951,Brenda Taylor,haleysullivan@mockmail.org,2025-01-12 18:52:39
952,Lacey Phillips,vegadanielle@fakeemail.com,2023-05-03 14:11:10
953,Tanner Phillips,paul24@test.org,2024-12-11 07:15:46
954,Douglas Nash,melissadunn@placeholder.net,2023-09-08 01:06:55
955,Gerald Davis,bradshawmaria@test.org,2024-11-01 11:26:59
956,Jose Cortez,barbararomero@mockmail.org,2023-11-17 05:20:24
957,Steven Manning,danielsangela@tempemail.com,2024-02-13 16:56:48
958,Kathleen Murphy,elizabeth44@tempemail.com,2024-04-18 12:33:23
959,Jason Brown,yodersarah@demo.io,2024-03-21 05:13:07
960,Mark Jackson,herrerajohn@fakeemail.com,2024-04-19 03:09:39
961,John Smith,oherring@fakeemail.com,2023-06-04 01:45:28
962,John Peterson,kimberly82@example.com,2023-11-03 11:43:39
963,Aaron Lee,luke70@sample.net,2023-02-12 06:06:47
964,Michael White,justinarias@tempemail.com,2023-06-24 20:32:51
965,Steven Perez,boydcody@randomdomain.co,2024-05-10 14:29:08
966,Emily Daniel,butlerkeith@test.org,2023-06-01 07:42:45
967,Kevin Jackson,danielprince@tempemail.com,2024-12-03 11:57:36
968,Diana Whitaker,kfisher@randomdomain.co,2023-07-27 04:55:16
969,Donna Price,mendezkathleen@placeholder.net,2024-06-29 16:24:37
970,Kristin Clark,oconnorbrandon@sample.net,2024-10-01 23:00:20
971,Stephen Conner,smitherin@tempemail.com,2024-09-07 06:01:37
972,Jason Murphy,mitchelldarrell@randomdomain.co,2024-05-08 10:38:13
973,Robert Moran,jacksonmark@placeholder.net,2024-04-14 02:39:29
974,Andrea Key,myersjoann@placeholder.net,2023-03-06 21:57:54
975,Jodi Rhodes,xpacheco@tempemail.com,2023-11-05 23:28:16
976,Steven Jackson,lauragross@demo.io,2023-08-21 19:38:54
977,Amanda Brown,zleonard@tempemail.com,2024-07-22 06:47:07
978,Aaron Kane,nicole94@example.com,2024-09-19 10:43:09
979,Michael Sellers,jacob47@demo.io,2024-02-26 18:32:27
980,Lucas Stark,bailey56@demo.io,2024-12-19 09:52:40
981,Julia Smith,trankatherine@demo.io,2023-11-19 18:21:57
982,Kyle Barnett,xmiller@demo.io,2023-08-06 09:55:41
983,Maria Miller,zorozco@placeholder.net,2024-03-08 16:52:07
984,Robin Benjamin,emurray@sample.net,2024-09-18 22:13:25
985,Steve Bennett,bradley75@example.com,2024-03-24 05:52:01
986,Nicholas Daniel,barbarawhite@tempemail.com,2023-06-27 17:59:11
987,Joshua Chapman,maciaskathleen@randomdomain.co,2024-01-05 08:30:41
988,Cynthia Conway,williambrown@placeholder.net,2024-05-02 03:46:44
989,Thomas Williams,jeremiahhall@mockmail.org,2024-12-20 11:11:39
990,Cameron Palmer,danderson@placeholder.net,2024-12-18 09:22:59
991,Angela Bush,john16@sample.net,2023-03-24 23:32:09
992,Antonio Jackson,mary98@demo.io,2024-07-21 09:21:38
993,Kristen Ashley,dtaylor@placeholder.net,2024-08-13 20:23:59
994,Susan Brown,oliverbrian@placeholder.net,2023-04-30 04:28:30
995,Justin Sanders,rstewart@fakeemail.com,2023-09-21 20:47:57
996,Nicholas Garcia,karenedwards@mockmail.org,2024-08-24 02:00:13
997,Jeffrey Ball,ingramrobert@demo.io,2023-03-20 11:49:38
998,Kelsey Smith,wphillips@example.com,2023-10-07 04:45:59
999,Haley White,greenbeth@demo.io,2023-04-27 22:47:44
1000,Mike Lara,kperez@mockmail.org,2023-07-30 22:03:26
