user_id,name,email,signup_date,domain
1,Christopher Rodriguez,jesse49@example.com,2023-02-02,example.com
2,Cheryl Estrada,tanyatapia@test.org,2023-11-09,test.org
3,Jeffrey Allen,joshua70@tempemail.com,2024-10-29,tempemail.com
4,Angela Hart,bonillakristi@mockmail.org,2023-07-28,mockmail.org
5,Leslie King DDS,carolynmartinez@mockmail.org,2023-11-14,mockmail.org
6,Jacqueline Sims,olivia00@example.com,2024-12-25,example.com
7,Jennifer Black,jlewis@sample.net,2024-02-15,sample.net
8,Joseph Frost,mary02@example.com,2023-05-07,example.com
9,Chelsea Robbins,eric53@mockmail.org,2024-11-19,mockmail.org
10,Karen Smith,powellamber@randomdomain.co,2024-08-22,randomdomain.co
11,Crystal Gomez,russellkathryn@tempemail.com,2023-03-30,tempemail.com
12,Tonya Lee,daleyoung@demo.io,2024-06-25,demo.io
13,Andrew Rowe,parrishmartha@mockmail.org,2023-10-07,mockmail.org
14,Alexis Richards,megancarr@tempemail.com,2023-02-01,tempemail.com
15,Ruth Williams,huntercraig@sample.net,2023-12-03,sample.net
16,Alexis Lee,john12@tempemail.com,2023-10-16,tempemail.com
17,Steven Griffin,jeffrey69@example.com,2023-08-29,example.com
18,Kimberly Graham,jonathanramirez@fakeemail.com,2023-05-16,fakeemail.com
19,Mrs. Terri Silva,rtaylor@placeholder.net,2023-04-13,placeholder.net
20,Theresa Rogers,hryan@test.org,2023-04-14,test.org
21,Tammy Salazar,brandy87@mockmail.org,2024-04-13,mockmail.org
22,Joshua Cameron,navery@tempemail.com,2024-01-15,tempemail.com
23,Richard Smith,grivera@tempemail.com,2024-06-23,tempemail.com
24,Daniel Spears,mreed@tempemail.com,2023-04-26,tempemail.com
25,Sherry Green,gregoryhawkins@fakeemail.com,2023-05-01,fakeemail.com
26,David Marsh,dpeters@fakeemail.com,2024-10-03,fakeemail.com
27,Terry Mcpherson,nancyolsen@demo.io,2023-11-28,demo.io
28,Karen Morgan,vwilliams@fakeemail.com,2024-10-20,fakeemail.com
29,Ebony Bentley,lunastephen@test.org,2024-01-05,test.org
30,Brittany Dunlap,kara23@sample.net,2023-02-13,sample.net
31,Justin Santos,ohughes@randomdomain.co,2024-05-01,randomdomain.co
32,Marissa Peterson,frank30@example.com,2023-04-30,example.com
33,Crystal Schaefer,anthonyjohnson@randomdomain.co,2024-07-11,randomdomain.co
34,Donald Lewis,joshua93@example.com,2024-04-09,example.com
35,Mary Ford,lewishannah@test.org,2024-11-18,test.org
36,Diana Bailey,hshaw@tempemail.com,2024-10-23,tempemail.com
37,Amber Brown,bluna@mockmail.org,2023-06-10,mockmail.org
38,Chad Smith,cynthia84@tempemail.com,2023-06-09,tempemail.com
39,Pamela Norris,patrick91@fakeemail.com,2024-04-05,fakeemail.com
40,Sarah Peters,spencerduke@randomdomain.co,2024-12-23,randomdomain.co
41,Rachael Dunn,molinaveronica@placeholder.net,2023-10-07,placeholder.net
42,Dylan Wright,qjones@test.org,2024-01-26,test.org
43,Christopher Gates,clarkjacob@fakeemail.com,2024-04-16,fakeemail.com
44,Rebecca Walters,troy47@demo.io,2024-04-05,demo.io
45,Elizabeth Mercer,ashley98@demo.io,2024-10-17,demo.io
46,Brian Soto,cheath@example.com,2024-07-11,example.com
47,Ryan Fox,fedwards@demo.io,2023-02-06,demo.io
48,Jennifer Brewer,smithmargaret@sample.net,2023-09-25,sample.net
49,Daniel Davis,adam64@test.org,2024-07-20,test.org
50,Thomas Moss,robinsonlorraine@randomdomain.co,2024-07-02,randomdomain.co
51,Haley Wiggins,bdrake@test.org,2023-02-17,test.org
52,John Watkins DDS,sandovaladam@example.com,2024-01-16,example.com
53,Rachel Ho,pjohnson@demo.io,2023-09-13,demo.io
54,Katelyn Ponce,kmoore@mockmail.org,2024-05-16,mockmail.org
55,Nathan Chavez,richard15@demo.io,2024-09-11,demo.io
56,Ashley Moreno,james58@fakeemail.com,2024-06-29,fakeemail.com
57,Barbara Dunn,stanleypatricia@example.com,2024-01-08,example.com
58,Christopher Jones,davidtaylor@placeholder.net,2024-02-14,placeholder.net
59,Colin Reyes,ryan21@randomdomain.co,2023-02-01,randomdomain.co
60,Eric Salinas,sandrafields@example.com,2025-01-13,example.com
61,Tamara Merritt,cochranbenjamin@fakeemail.com,2025-01-13,fakeemail.com
62,Tricia Phillips,pricecheryl@fakeemail.com,2025-01-13,fakeemail.com
63,Maria House,ufisher@demo.io,2024-07-15,demo.io
64,Laurie Chen,gabriellegrant@placeholder.net,2024-11-07,placeholder.net
65,James Lindsey,stephanie21@placeholder.net,2024-08-25,placeholder.net
66,Austin Alvarez,ustone@test.org,2023-04-13,test.org
67,Jill Patton,larrycantrell@fakeemail.com,2023-03-12,fakeemail.com
68,Paula Martinez,brandon52@test.org,2024-06-06,test.org
69,Cassie Potts,jennifertaylor@demo.io,2023-07-26,demo.io
70,Debra Jones,xjensen@test.org,2023-07-08,test.org
71,Donna Burns,masonharry@demo.io,2023-09-19,demo.io
72,Nancy Henry,ayalagina@mockmail.org,2023-10-24,mockmail.org
73,Steven May,wayne60@fakeemail.com,2024-04-17,fakeemail.com
74,Patty Levine,melissa47@demo.io,2024-10-14,demo.io
75,Michael Lopez,sarah60@test.org,2023-09-30,test.org
76,Jose Campbell,xmedina@mockmail.org,2024-09-16,mockmail.org
77,Teresa Woods,stephensanders@sample.net,2023-10-16,sample.net
78,Anita Smith,kennethrivera@mockmail.org,2023-04-13,mockmail.org
79,Andrea Nelson,jensenkylie@fakeemail.com,2024-02-10,fakeemail.com
80,Kimberly Morton,moniqueallen@fakeemail.com,2025-01-01,fakeemail.com
81,Matthew Brooks,vwelch@sample.net,2024-03-24,sample.net
82,Chase James,timothy20@demo.io,2024-11-24,demo.io
83,David Ferguson,elliottaustin@test.org,2023-12-17,test.org
84,Michelle Collins,hgalvan@demo.io,2023-04-18,demo.io
85,Andrea Smith,joeholmes@fakeemail.com,2024-09-10,fakeemail.com
86,Luis Reyes,woodkelly@sample.net,2023-09-27,sample.net
87,Debbie Thompson,alvarezbrian@tempemail.com,2024-04-28,tempemail.com
88,Dr. Kristen Bennett DVM,hmiller@test.org,2023-04-16,test.org
89,Louis Brown,zbush@example.com,2024-07-28,example.com
90,Kelly Larson,shannon50@fakeemail.com,2024-07-29,fakeemail.com
91,Daniel Davis,hhamilton@test.org,2023-06-10,test.org
92,Brad Johnson,dhenry@placeholder.net,2024-02-27,placeholder.net
93,Christopher Johnston,scott14@tempemail.com,2024-07-02,tempemail.com
94,Christina Butler,hrodriguez@placeholder.net,2024-06-24,placeholder.net
95,Anthony Murillo,christopher34@test.org,2024-09-28,test.org
96,Samuel Torres,fhall@placeholder.net,2024-02-08,placeholder.net
97,Phillip Anderson,hardinmegan@fakeemail.com,2023-02-26,fakeemail.com
98,Mariah Hayes,rachel78@tempemail.com,2024-11-15,tempemail.com
99,Dawn Pearson,tanya27@demo.io,2023-11-24,demo.io
100,Melody Davis,robertsonelizabeth@randomdomain.co,2024-03-04,randomdomain.co
101,Kayla Carlson,luis82@mockmail.org,2023-12-22,mockmail.org
102,Joe Brady,gillespiesherry@fakeemail.com,2024-12-12,fakeemail.com
103,Mckenzie Torres,vlopez@example.com,2024-12-26,example.com
104,Cheryl Rangel,amartin@example.com,2024-12-01,example.com
105,Kathleen Holmes DVM,hmiddleton@test.org,2024-08-16,test.org
106,Pamela Cook,jasonbennett@tempemail.com,2024-06-24,tempemail.com
107,Jill Cole,xhebert@fakeemail.com,2024-03-29,fakeemail.com
108,Laurie Adams,dillonnorton@randomdomain.co,2024-09-07,randomdomain.co
109,Dan Maxwell,penningtonjerry@test.org,2023-11-16,test.org
110,Tonya Wolfe,michael53@demo.io,2024-05-06,demo.io
111,Chelsea Carr,dbryant@fakeemail.com,2023-02-13,fakeemail.com
112,Tyler Powell,andresbenson@randomdomain.co,2024-12-01,randomdomain.co
113,Charles Mitchell,shawmary@test.org,2023-05-13,test.org
114,Sean Kelley,wendyrogers@example.com,2025-01-20,example.com
115,Lisa Walters,xreyes@sample.net,2024-12-27,sample.net
116,Jamie Davis DVM,christopher63@test.org,2023-06-13,test.org
117,Jessica Mcintosh,gcook@demo.io,2023-10-20,demo.io
118,Amber Adams,kenneth70@sample.net,2023-12-24,sample.net
119,Julia Bailey,erin08@example.com,2024-07-10,example.com
120,Alexa Smith,kathryn71@placeholder.net,2023-11-16,placeholder.net
121,Jason Jackson,katherine32@mockmail.org,2024-03-31,mockmail.org
122,Brittany Freeman,marshjessica@mockmail.org,2023-06-27,mockmail.org
123,Connor Mcguire,wrightandrew@placeholder.net,2023-03-06,placeholder.net
124,April Brown,wooddanny@example.com,2024-07-14,example.com
125,Rebecca Powell,kenneth13@randomdomain.co,2024-06-15,randomdomain.co
126,Ashley Castillo,vhernandez@example.com,2023-07-09,example.com
127,Monica Miller,vnelson@example.com,2024-03-29,example.com
128,Gary Pruitt,breynolds@fakeemail.com,2023-12-02,fakeemail.com
129,Gloria Juarez,melissa30@fakeemail.com,2023-09-08,fakeemail.com
130,Jonathan Thompson,deborahchandler@sample.net,2024-09-04,sample.net
131,Alexander Hughes,jjordan@demo.io,2024-09-04,demo.io
132,Ricardo Smith,paulwoods@randomdomain.co,2024-02-05,randomdomain.co
133,Thomas Johnson,michaelamanda@test.org,2023-10-02,test.org
134,Taylor Myers,suzannegill@example.com,2023-06-02,example.com
135,Diane Davis,jillrivers@demo.io,2024-11-09,demo.io
136,Debra Hopkins,brian46@sample.net,2024-12-02,sample.net
137,Jason Wilson,adamcastro@mockmail.org,2024-02-10,mockmail.org
138,John Wallace,alejandrogill@demo.io,2024-11-05,demo.io
139,David Potter,brooksshawna@test.org,2024-11-28,test.org
140,Melissa Huff MD,brianking@example.com,2024-01-18,example.com
141,Christopher Brown,evan40@placeholder.net,2023-02-04,placeholder.net
142,Rickey Ho,emma44@randomdomain.co,2023-12-08,randomdomain.co
143,Priscilla Allison,greenjacob@demo.io,2024-11-23,demo.io
144,Earl Byrd,stevendaniel@sample.net,2023-07-17,sample.net
145,Christopher Gonzalez,shenson@mockmail.org,2023-07-23,mockmail.org
146,Alyssa Dunn,herreradavid@tempemail.com,2023-08-19,tempemail.com
147,Courtney Smith,william66@randomdomain.co,2023-03-08,randomdomain.co
148,Veronica Christian,wturner@sample.net,2023-02-15,sample.net
149,Michael Martinez,danielrogers@mockmail.org,2023-11-17,mockmail.org
150,John Evans,tfranklin@mockmail.org,2023-07-14,mockmail.org
151,Jose Miller,suzannecook@example.com,2024-01-23,example.com
152,Justin Everett,justin09@mockmail.org,2024-02-15,mockmail.org
153,Daniel Thompson,justinthompson@example.com,2023-05-22,example.com
154,Andrew Richardson,joneslarry@test.org,2023-09-03,test.org
155,Kirsten Gonzales,etran@demo.io,2023-06-04,demo.io
156,Brad Brooks,leemarissa@randomdomain.co,2023-07-05,randomdomain.co
157,Daniel Williamson,nstewart@mockmail.org,2023-07-30,mockmail.org
158,Teresa Hayes,ashleeking@demo.io,2023-06-27,demo.io
159,Denise Nelson,gtaylor@mockmail.org,2023-09-04,mockmail.org
160,Blake Lin,dmoore@mockmail.org,2023-03-23,mockmail.org
161,Caitlin Nelson,rodriguezkatherine@demo.io,2023-07-09,demo.io
162,Laura Wilkinson,mgriffin@fakeemail.com,2024-10-04,fakeemail.com
163,Rebecca Hughes,williamsoncolton@test.org,2023-09-05,test.org
164,Michael Moran,matthew13@placeholder.net,2023-03-09,placeholder.net
165,Julie Scott,walkermelinda@example.com,2023-10-04,example.com
166,Traci Yates,sean02@sample.net,2024-05-17,sample.net
167,Stephanie Jennings,hholmes@tempemail.com,2024-05-09,tempemail.com
168,Valerie Rice,wrightdavid@fakeemail.com,2024-02-11,fakeemail.com
169,Amber Johnston,kathleen34@test.org,2023-01-31,test.org
170,Christopher Velez,jameshuang@example.com,2024-05-09,example.com
171,Julia Reynolds,jenniferlloyd@randomdomain.co,2024-12-16,randomdomain.co
172,Jason Ramirez,qreynolds@test.org,2024-09-05,test.org
173,Daniel Woods MD,longcarly@placeholder.net,2023-07-25,placeholder.net
174,Benjamin Mcdonald,kellyamy@test.org,2023-07-28,test.org
175,Frank Johnson,duffytaylor@example.com,2024-08-11,example.com
176,Becky West,jay92@sample.net,2023-06-05,sample.net
177,Benjamin Nichols,gonzalesralph@placeholder.net,2023-02-09,placeholder.net
178,Carrie Allen,brianwillis@mockmail.org,2024-07-08,mockmail.org
179,Lauren Haynes,lindsey08@placeholder.net,2023-02-07,placeholder.net
180,Scott Hill,ysmith@tempemail.com,2023-08-10,tempemail.com
181,Adrian Sherman,robert71@tempemail.com,2024-06-22,tempemail.com
182,Sophia Stevens,schultzchristopher@test.org,2024-01-07,test.org
183,Kari Hodges,jonathan78@tempemail.com,2023-09-12,tempemail.com
184,Patrick Armstrong,danielgonzales@demo.io,2025-01-08,demo.io
185,Emily King,renee72@placeholder.net,2024-01-07,placeholder.net
186,Jason Miller,pcurtis@test.org,2023-02-04,test.org
187,Victor Choi,xbailey@example.com,2023-10-15,example.com
188,Troy Stephens,ycarroll@demo.io,2023-08-06,demo.io
189,Lynn Edwards,samantha74@demo.io,2023-07-29,demo.io
190,Marie Wilcox,dwayne98@test.org,2024-12-04,test.org
191,Jennifer Howard,qhunter@fakeemail.com,2023-11-08,fakeemail.com
192,Calvin Payne,marypeters@test.org,2024-09-10,test.org
193,Jessica Curry,sevans@fakeemail.com,2025-01-15,fakeemail.com
194,Dylan Schneider,jrosales@sample.net,2023-10-26,sample.net
195,David Reynolds,amanda49@placeholder.net,2023-04-26,placeholder.net
196,Sean Valdez,wendylong@demo.io,2024-07-22,demo.io
197,Michael Hanson,nicolejones@placeholder.net,2023-08-03,placeholder.net
198,Willie Mendoza,mmay@test.org,2024-04-27,test.org
199,Laurie Gibbs,laura66@randomdomain.co,2024-05-09,randomdomain.co
200,Paul Villegas,joshuayoung@fakeemail.com,2024-03-25,fakeemail.com
201,Thomas Perez,jake04@placeholder.net,2024-10-01,placeholder.net
202,Theresa Howard,smithpaul@mockmail.org,2023-09-04,mockmail.org
203,Catherine Stark,hutchinsoncory@tempemail.com,2024-11-23,tempemail.com
204,Cynthia Knight,beverlynolan@tempemail.com,2023-10-02,tempemail.com
205,Terry Carroll,diazkristen@example.com,2024-01-01,example.com
206,Austin Kelley,aevans@example.com,2023-03-17,example.com
207,Ashley Brown,courtney55@randomdomain.co,2024-01-08,randomdomain.co
208,Michael Medina Jr.,nrodriguez@tempemail.com,2024-12-04,tempemail.com
209,Isabella Wright,lucerovickie@sample.net,2024-11-13,sample.net
210,Shawn Edwards,kristinaalvarado@placeholder.net,2023-11-16,placeholder.net
211,Dylan Weber,alexandra91@randomdomain.co,2024-02-03,randomdomain.co
212,Larry Ramirez,angela65@sample.net,2023-07-28,sample.net
213,Tammy Cooper,ktran@mockmail.org,2024-10-19,mockmail.org
214,Nicole Castillo,qcasey@mockmail.org,2023-09-28,mockmail.org
215,Edward Nelson DDS,andersoncynthia@example.com,2024-07-24,example.com
216,Kenneth Ford,alyssacoleman@tempemail.com,2023-03-21,tempemail.com
217,Dylan Brown,william25@placeholder.net,2023-02-20,placeholder.net
218,Justin Hamilton,katiekim@sample.net,2023-11-20,sample.net
219,Tiffany Martinez,brianedwards@fakeemail.com,2024-06-04,fakeemail.com
220,Kevin Gonzalez,angelalewis@example.com,2023-05-02,example.com
221,Kevin Clark,lfranklin@fakeemail.com,2023-03-27,fakeemail.com
222,Rebecca Hudson,johnsonamanda@placeholder.net,2023-02-20,placeholder.net
223,Alejandra Gonzalez,tgonzales@mockmail.org,2024-11-29,mockmail.org
224,Donna Smith,xjohnson@test.org,2023-11-01,test.org
225,Mrs. Lisa Andersen,jefferykeller@fakeemail.com,2023-06-24,fakeemail.com
226,Melody Reynolds,bgarcia@randomdomain.co,2023-09-17,randomdomain.co
227,Christopher Carr,kimberly62@sample.net,2023-06-16,sample.net
228,Brent Roach,ocraig@tempemail.com,2024-08-15,tempemail.com
229,Laura Hunt,cochranjacqueline@sample.net,2024-03-23,sample.net
230,Lauren Perez,theodore46@mockmail.org,2024-01-10,mockmail.org
231,Nicholas Mcdaniel,alexandriajacobson@test.org,2024-11-19,test.org
232,Megan Sanders,jillbriggs@test.org,2024-07-24,test.org
233,Anthony Torres,haynesjack@demo.io,2023-07-31,demo.io
234,James Oliver,williamssonya@sample.net,2025-01-04,sample.net
235,Kathleen Copeland,trevinojoshua@example.com,2024-12-06,example.com
236,Andrew Mayer,yhudson@fakeemail.com,2023-02-09,fakeemail.com
237,Kara Jones,cranebenjamin@sample.net,2024-10-24,sample.net
238,Andrew Smith,mackenzie43@randomdomain.co,2024-11-07,randomdomain.co
239,Albert Sullivan,lopeztiffany@randomdomain.co,2024-09-07,randomdomain.co
240,Chase Hampton,davisterri@demo.io,2024-08-25,demo.io
241,Jonathan Frazier,msmith@randomdomain.co,2024-09-23,randomdomain.co
242,Jason Brown,frostjoseph@example.com,2023-10-08,example.com
243,Tara Martin,mooresean@mockmail.org,2024-07-03,mockmail.org
244,Christopher Davis,brownmeredith@example.com,2024-01-17,example.com
245,Victoria Kennedy,erobinson@test.org,2023-10-05,test.org
246,Kerri Herrera,christina72@example.com,2023-11-10,example.com
247,James Shea,cookbarry@test.org,2024-02-25,test.org
248,Toni Hill,michele83@tempemail.com,2024-08-10,tempemail.com
249,Tony Johnston,brandonwilliams@mockmail.org,2023-02-13,mockmail.org
250,Suzanne Morrison,daniellepatel@sample.net,2024-10-29,sample.net
251,Richard Juarez,stephanie92@fakeemail.com,2024-05-03,fakeemail.com
252,Ronald Taylor,patrickjenkins@tempemail.com,2024-06-23,tempemail.com
253,Kelly Evans,debbiestrong@mockmail.org,2024-09-03,mockmail.org
254,Brittany Miller,rmeyer@fakeemail.com,2023-05-23,fakeemail.com
255,Jesse Rogers,johnsonjanet@placeholder.net,2024-07-22,placeholder.net
256,Michael Davies,harringtonlarry@demo.io,2023-04-30,demo.io
257,Sean Castaneda,brooksstephanie@randomdomain.co,2023-05-13,randomdomain.co
258,Keith Moon,hillangela@placeholder.net,2024-08-25,placeholder.net
259,Andrea Cardenas,robertramos@example.com,2024-01-16,example.com
260,Stephen Case,qshah@fakeemail.com,2023-05-25,fakeemail.com
261,Lauren Massey,josephlewis@demo.io,2023-02-07,demo.io
262,Linda Garcia,carrjeremy@randomdomain.co,2024-12-11,randomdomain.co
263,Shelley Richardson,jonathandickson@mockmail.org,2024-07-29,mockmail.org
264,Tara Krause,aaron51@test.org,2023-12-24,test.org
265,Ryan Schmidt,kmorales@sample.net,2024-01-24,sample.net
266,Jennifer Powell,joshuacrawford@sample.net,2023-03-03,sample.net
267,Connor Robertson,daniellejones@sample.net,2023-11-02,sample.net
268,Maria Skinner,robert33@randomdomain.co,2024-11-05,randomdomain.co
269,Jennifer Wilson,qhamilton@fakeemail.com,2023-04-12,fakeemail.com
270,Heather Davis,johnmartinez@demo.io,2024-09-05,demo.io
271,Amanda Lee,joeyoung@example.com,2024-06-03,example.com
272,Jennifer Green,joseph53@demo.io,2024-04-14,demo.io
273,Donald Flores,thomasmichael@test.org,2024-04-17,test.org
274,Terry Hall,ramosmark@demo.io,2023-11-22,demo.io
275,Melissa Williams,luis85@sample.net,2023-11-05,sample.net
276,Craig Nelson,adamjackson@example.com,2023-09-25,example.com
277,Derrick Mora,baguilar@example.com,2023-02-01,example.com
278,Sean Andrade,alvaradojanet@mockmail.org,2024-11-02,mockmail.org
279,Hailey Henson,brian74@tempemail.com,2024-04-09,tempemail.com
280,Melissa Mcgrath,nielsenjennifer@placeholder.net,2023-02-06,placeholder.net
281,Jeffrey Harrison,pbradley@randomdomain.co,2023-07-29,randomdomain.co
282,Sandra Schaefer,molly67@test.org,2023-04-01,test.org
283,Nicole Davis,josearmstrong@placeholder.net,2024-04-21,placeholder.net
284,Melinda Rodriguez,janiceaguilar@mockmail.org,2024-02-08,mockmail.org
285,Kimberly Reed,robertphillips@example.com,2023-02-06,example.com
286,Emily Torres,vanessaelliott@fakeemail.com,2023-06-16,fakeemail.com
287,Renee Liu,elizabethlawson@example.com,2024-06-23,example.com
288,Kelly Williams,taylorkatie@tempemail.com,2023-06-12,tempemail.com
289,Paul Stevens,ecurtis@test.org,2024-01-16,test.org
290,Michael Chandler,adamcraig@tempemail.com,2024-06-29,tempemail.com
291,Jasmine Mccoy,paul16@mockmail.org,2023-06-25,mockmail.org
292,Margaret Dixon,loganjohnson@placeholder.net,2024-09-23,placeholder.net
293,Sonya Johnson MD,leonard96@demo.io,2023-05-22,demo.io
294,Robert Odom,janice84@placeholder.net,2024-09-14,placeholder.net
295,Joseph Davis,maria83@randomdomain.co,2023-07-27,randomdomain.co
296,Michelle Sanchez,lguzman@sample.net,2023-12-24,sample.net
297,Eric Barrett,michael79@placeholder.net,2024-11-16,placeholder.net
298,Garrett Powell,jproctor@example.com,2024-07-19,example.com
299,Charles Owens,alexander66@fakeemail.com,2023-05-19,fakeemail.com
300,Linda Rangel,ddawson@demo.io,2023-06-03,demo.io
301,Kimberly Graham,echristian@sample.net,2023-06-27,sample.net
302,Nancy Navarro,yjones@fakeemail.com,2023-11-06,fakeemail.com
303,Stephanie Jones,rgarner@placeholder.net,2023-10-10,placeholder.net
304,Sharon Jordan,david58@tempemail.com,2023-12-23,tempemail.com
305,Peter Rivera,smithjustin@fakeemail.com,2024-03-05,fakeemail.com
306,James Knight,james66@demo.io,2025-01-05,demo.io
307,Lauren Johnson,christophernguyen@placeholder.net,2024-08-08,placeholder.net
308,Johnny Thomas,maria96@tempemail.com,2023-09-19,tempemail.com
309,David Newman,bryanbell@example.com,2023-06-17,example.com
310,Gwendolyn Solomon,toddcarney@test.org,2024-11-09,test.org
311,Anita Kramer,ugonzalez@test.org,2023-02-20,test.org
312,Jo Guerrero,stephanie12@mockmail.org,2024-09-05,mockmail.org
313,Melissa Ramsey,jesus10@tempemail.com,2023-02-13,tempemail.com
314,Toni Mcmahon,radams@example.com,2023-07-23,example.com
315,Mary Jarvis,ashleycastillo@fakeemail.com,2023-12-31,fakeemail.com
316,Julie Santos,ycoffey@test.org,2024-01-20,test.org
317,Jill Jordan,palmermelissa@tempemail.com,2024-03-27,tempemail.com
318,Jacob Martinez,james92@placeholder.net,2024-08-17,placeholder.net
319,Gary Williams,bryceestrada@randomdomain.co,2023-04-19,randomdomain.co
320,Robert Beck,wallacerichard@fakeemail.com,2024-02-26,fakeemail.com
321,Katrina Cuevas,hollowayleah@mockmail.org,2024-12-15,mockmail.org
322,Joanna Turner,cstephenson@sample.net,2024-08-20,sample.net
323,Sarah Morris,catherine44@sample.net,2023-04-03,sample.net
324,Amy Allen,ramirezshelby@fakeemail.com,2023-06-25,fakeemail.com
325,Dustin Hernandez,jessicacurry@demo.io,2024-02-05,demo.io
326,Mason Walton,eric77@randomdomain.co,2024-01-07,randomdomain.co
327,William Roy,kimberly11@example.com,2023-12-26,example.com
328,Erica Roberts,doris82@sample.net,2023-03-13,sample.net
329,Jennifer Parker,umitchell@tempemail.com,2024-03-06,tempemail.com
330,Samantha Martinez,richard69@mockmail.org,2024-08-23,mockmail.org
331,Megan Cohen,kevinsantos@sample.net,2023-03-01,sample.net
332,Perry Vasquez,qhardin@demo.io,2024-06-04,demo.io
333,Sara Levine,cuevasmegan@mockmail.org,2023-07-07,mockmail.org
334,Kaitlyn Crane,njames@test.org,2024-10-17,test.org
335,John Newman,dominicfoster@randomdomain.co,2024-03-08,randomdomain.co
336,Kelly Thompson,ebrown@fakeemail.com,2024-08-16,fakeemail.com
337,Wanda Patel,mary35@randomdomain.co,2023-05-25,randomdomain.co
338,Christopher Dominguez,lcampos@example.com,2023-05-09,example.com
339,Kathryn Collier,martinezsherry@demo.io,2024-04-18,demo.io
340,Joseph Green,schaeferryan@demo.io,2023-04-14,demo.io
341,Mary Burnett,martindaniel@example.com,2023-09-08,example.com
342,Melissa Hopkins,meaganperez@tempemail.com,2024-04-12,tempemail.com
343,Kara Diaz,rweaver@fakeemail.com,2023-10-01,fakeemail.com
344,Gina Bishop,daniellemiller@mockmail.org,2024-12-17,mockmail.org
345,Scott Gordon,kimchloe@test.org,2024-12-19,test.org
346,Mary Anderson,griffinisaac@tempemail.com,2024-12-17,tempemail.com
347,David Williams,michellehenry@fakeemail.com,2023-05-10,fakeemail.com
348,Robert Dunn,coxdavid@mockmail.org,2024-01-20,mockmail.org
349,Richard Johnson,maryharris@tempemail.com,2024-02-11,tempemail.com
350,Bonnie Morris,kgallagher@test.org,2024-07-15,test.org
351,Michelle Coleman,zwood@tempemail.com,2023-10-10,tempemail.com
352,Jonathan Dorsey,annahawkins@fakeemail.com,2024-06-15,fakeemail.com
353,Vincent Conley,samuelhernandez@mockmail.org,2023-06-22,mockmail.org
354,Jeffrey Santana MD,lesliesmith@demo.io,2023-03-14,demo.io
355,Jimmy Shaw MD,rhonda79@placeholder.net,2024-10-26,placeholder.net
356,Shannon Hall,elizabethpollard@randomdomain.co,2023-11-05,randomdomain.co
357,Tiffany Walsh,veronicaryan@example.com,2023-10-13,example.com
358,Jamie Johnson,zstone@demo.io,2023-07-11,demo.io
359,Mary Hamilton MD,hillgregory@placeholder.net,2024-03-13,placeholder.net
360,Jimmy Gray,thomas28@randomdomain.co,2023-11-19,randomdomain.co
361,Kayla Hardy,ronald16@placeholder.net,2023-08-28,placeholder.net
362,Jillian Smith,icook@demo.io,2024-03-07,demo.io
363,Thomas Nichols,toni85@placeholder.net,2023-03-20,placeholder.net
364,Jennifer Goodwin,briana33@tempemail.com,2023-11-25,tempemail.com
365,Matthew Jones,ecobb@tempemail.com,2023-04-23,tempemail.com
366,Amber Hays,michelle48@demo.io,2024-10-12,demo.io
367,Stephen Thompson,debbie44@mockmail.org,2024-02-27,mockmail.org
368,Christina Scott,johnsonsamantha@randomdomain.co,2023-12-11,randomdomain.co
369,Timothy Jackson,gchen@randomdomain.co,2023-08-10,randomdomain.co
370,Emma Simon,amandasolomon@randomdomain.co,2024-03-07,randomdomain.co
371,Elizabeth Fox,simmonsbryan@tempemail.com,2025-01-12,tempemail.com
372,Michael Day,baileypeter@tempemail.com,2023-07-02,tempemail.com
373,Carmen Gibson,christianstewart@sample.net,2024-02-05,sample.net
374,Justin Faulkner,angelicagarcia@mockmail.org,2024-03-25,mockmail.org
375,Brandon Barton,robert95@tempemail.com,2023-10-15,tempemail.com
376,Dr. Shaun Griffin,lopezshannon@test.org,2023-03-11,test.org
377,Phillip Murray,johnryan@tempemail.com,2024-12-13,tempemail.com
378,Ashlee Baxter,contrerasjill@tempemail.com,2023-10-02,tempemail.com
379,Jason Gibson,blackwellrandy@placeholder.net,2023-05-05,placeholder.net
380,Frank Robbins,qnelson@test.org,2023-06-25,test.org
381,Shannon Donovan,youngkimberly@sample.net,2023-03-22,sample.net
382,John Wilson,samantha99@tempemail.com,2024-11-13,tempemail.com
383,Savannah Barajas,katherinebriggs@mockmail.org,2024-03-16,mockmail.org
384,Rachel Ruiz,kimberly47@tempemail.com,2023-12-30,tempemail.com
385,Rebecca Gilbert,zmorris@sample.net,2024-03-17,sample.net
386,Shelly Thompson,acolon@test.org,2024-12-10,test.org
387,Kristi Rice,meganfritz@fakeemail.com,2023-10-28,fakeemail.com
388,Timothy Murphy,dylanvance@tempemail.com,2024-08-17,tempemail.com
389,James Rogers,mcneilbobby@fakeemail.com,2024-05-29,fakeemail.com
390,Lisa Smith,cheryl09@fakeemail.com,2024-06-25,fakeemail.com
391,Aaron Marks,nancyarellano@fakeemail.com,2024-12-21,fakeemail.com
392,Katrina Rodriguez,traviselizabeth@fakeemail.com,2023-02-17,fakeemail.com
393,Nathaniel Todd,aaron24@tempemail.com,2023-05-02,tempemail.com
394,Tammy Payne,lisa18@placeholder.net,2024-11-10,placeholder.net
395,Sean Harris,dylan98@randomdomain.co,2024-10-31,randomdomain.co
396,Susan Martinez,gregoryallen@demo.io,2023-10-03,demo.io
397,Joseph Ross,stephanie02@mockmail.org,2024-03-05,mockmail.org
398,Nicole Kelley,davidpeterson@randomdomain.co,2024-07-27,randomdomain.co
399,Christopher Lynch,ystrong@mockmail.org,2023-08-07,mockmail.org
400,Levi Romero,hamiltonkaren@randomdomain.co,2023-08-31,randomdomain.co
401,Shannon Jones,jonathanbradley@mockmail.org,2023-06-29,mockmail.org
402,Theresa Anderson,zcox@mockmail.org,2023-03-02,mockmail.org
403,Allen York,hollymartinez@sample.net,2024-08-07,sample.net
404,Joseph Morris,aaron13@test.org,2023-07-28,test.org
405,Megan Smith,mullenlogan@placeholder.net,2023-07-11,placeholder.net
406,Todd Bennett,mvazquez@placeholder.net,2024-04-04,placeholder.net
407,Mr. Michael Joseph,marie90@example.com,2023-10-14,example.com
408,Heather James,waltercynthia@test.org,2024-10-16,test.org
409,Samuel Nelson,martinmercer@demo.io,2024-02-29,demo.io
410,Robert Rangel,vegachristina@randomdomain.co,2023-11-14,randomdomain.co
411,Sabrina Mcdaniel,trantravis@tempemail.com,2024-06-05,tempemail.com
412,Patrick Gonzalez,rwillis@test.org,2023-08-22,test.org
413,Meghan Reese,dianayates@mockmail.org,2024-02-20,mockmail.org
414,Robert Harper,pamelafletcher@fakeemail.com,2023-06-23,fakeemail.com
415,Karen Brewer,jjohnson@placeholder.net,2023-02-16,placeholder.net
416,Jason Hill,afarmer@randomdomain.co,2023-09-11,randomdomain.co
417,Cynthia Perez,riosjohn@tempemail.com,2024-03-01,tempemail.com
418,Margaret Gutierrez,vazquezbenjamin@example.com,2024-07-04,example.com
419,Edwin Johnson,pamela79@placeholder.net,2024-04-16,placeholder.net
420,Eric Lang,kylecampbell@mockmail.org,2023-05-11,mockmail.org
421,Regina Davis,angelaleonard@randomdomain.co,2023-06-03,randomdomain.co
422,Joshua Arnold,maria11@tempemail.com,2024-03-31,tempemail.com
423,Bryan Franklin,ruizchad@tempemail.com,2023-06-02,tempemail.com
424,Amanda Velasquez,tabithalewis@demo.io,2023-10-14,demo.io
425,Linda Ross,kperry@tempemail.com,2023-09-26,tempemail.com
426,Susan Hunt,davisbeverly@sample.net,2023-01-29,sample.net
427,Michelle Montgomery,susancardenas@mockmail.org,2025-01-21,mockmail.org
428,Amy Lee,beasleyjohn@sample.net,2024-05-23,sample.net
429,Mrs. Misty Harper,smithjuan@mockmail.org,2024-06-07,mockmail.org
430,Angela Martin,ponceamanda@fakeemail.com,2025-01-19,fakeemail.com
431,Anna Lee,georgeclark@mockmail.org,2024-11-10,mockmail.org
432,Alicia Johnson,lisacummings@fakeemail.com,2024-02-11,fakeemail.com
433,Stacey Fisher,victor41@mockmail.org,2024-07-22,mockmail.org
434,John Williams,john34@placeholder.net,2025-01-05,placeholder.net
435,Brittany Williams,crystal32@example.com,2024-04-24,example.com
436,Eric Walker,nicole13@mockmail.org,2024-07-22,mockmail.org
437,Hannah Graham,amanda18@placeholder.net,2023-05-27,placeholder.net
438,Matthew Hubbard,michaelparrish@example.com,2025-01-09,example.com
439,Alan Wilkins,heather47@tempemail.com,2023-10-08,tempemail.com
440,Mackenzie Craig DDS,tiffanyjohnson@example.com,2024-01-08,example.com
441,Jeremy Green,john80@placeholder.net,2024-02-13,placeholder.net
442,Ryan Howard,benjamin31@sample.net,2024-11-20,sample.net
443,Gregory Lindsey,melissa03@example.com,2023-07-23,example.com
444,Caitlin Carrillo,lawrencederek@test.org,2023-09-22,test.org
445,Christopher Rodriguez,epalmer@tempemail.com,2024-10-20,tempemail.com
446,Kristine Armstrong,jody92@randomdomain.co,2023-12-13,randomdomain.co
447,Karen Romero,nbrady@randomdomain.co,2024-04-23,randomdomain.co
448,Jeffrey Nguyen,wellsleslie@sample.net,2023-09-24,sample.net
449,Ashley Walker,powellamanda@sample.net,2024-12-25,sample.net
450,Sarah Johnson,jerry83@placeholder.net,2024-07-30,placeholder.net
451,Sean Brooks,bblackwell@fakeemail.com,2024-01-26,fakeemail.com
452,Heidi Haynes,parsonskenneth@placeholder.net,2024-10-12,placeholder.net
453,Rebecca Jefferson,danielle35@sample.net,2023-12-15,sample.net
454,Mark Cox,sarah46@mockmail.org,2023-07-23,mockmail.org
455,Angela Rosales,davisaustin@mockmail.org,2023-04-21,mockmail.org
456,Miss Emily Walters,inewman@randomdomain.co,2023-07-20,randomdomain.co
457,Angela Hill,scott21@mockmail.org,2024-08-23,mockmail.org
458,Michael Hall,nicholskelli@fakeemail.com,2024-01-09,fakeemail.com
459,Tina Snyder,karen68@tempemail.com,2024-06-26,tempemail.com
460,Eric Hernandez,terri23@example.com,2023-08-25,example.com
461,Raymond Fernandez,clinton28@randomdomain.co,2024-01-31,randomdomain.co
462,Steven Wilkinson,smyers@sample.net,2023-12-27,sample.net
463,Jason Murray,matthew99@sample.net,2023-08-31,sample.net
464,Thomas Miller,jessicajones@placeholder.net,2025-01-09,placeholder.net
465,Erin Adams,jenkinsmatthew@sample.net,2024-01-17,sample.net
466,Louis Huerta,john40@test.org,2024-03-29,test.org
467,Jennifer Moore,djones@mockmail.org,2024-01-07,mockmail.org
468,William Dixon,brooksthomas@test.org,2024-08-19,test.org
469,Angela Miller,melissascott@tempemail.com,2023-02-03,tempemail.com
470,Douglas Simmons,vmoore@tempemail.com,2023-04-03,tempemail.com
471,Michael Moreno,jonathan30@fakeemail.com,2023-09-21,fakeemail.com
472,Dan Tucker,fergusonmarissa@demo.io,2023-09-15,demo.io
473,Jamie Ewing,jamesjeffrey@randomdomain.co,2023-06-03,randomdomain.co
474,James Harvey,alicia71@randomdomain.co,2024-05-07,randomdomain.co
475,Stacy Thompson,linda95@fakeemail.com,2024-06-16,fakeemail.com
476,Justin Clark,henrykimberly@sample.net,2024-11-01,sample.net
477,Lawrence Carroll,jjacobs@placeholder.net,2023-02-14,placeholder.net
478,Robert Fletcher,allenkevin@fakeemail.com,2024-10-31,fakeemail.com
479,Maria Herrera,megan50@randomdomain.co,2023-05-23,randomdomain.co
480,Jeffrey White,tsimmons@sample.net,2024-09-13,sample.net
481,Bryce Barnes,christinakelly@demo.io,2024-11-10,demo.io
482,David Webb,suzanne76@mockmail.org,2024-03-14,mockmail.org
483,John Foley,feliciawells@placeholder.net,2023-03-09,placeholder.net
484,Evan Snyder,leslie23@demo.io,2024-03-25,demo.io
485,Dustin Jimenez,michael23@fakeemail.com,2024-07-30,fakeemail.com
486,Theresa Marshall,brady52@tempemail.com,2024-10-09,tempemail.com
487,Robert Richard,jerry42@demo.io,2024-06-14,demo.io
488,Jordan Anderson,xscott@placeholder.net,2025-01-06,placeholder.net
489,Robert Anderson,jennifer47@demo.io,2023-06-29,demo.io
490,Kristen Benjamin,sarah44@sample.net,2024-06-14,sample.net
491,Cindy Browning,hulljoann@test.org,2024-05-29,test.org
492,Raymond Marshall,katherinelogan@test.org,2023-12-03,test.org
493,Kaylee Jensen,dianawilliams@demo.io,2023-08-08,demo.io
494,Ashley James,karenmurphy@demo.io,2023-09-24,demo.io
495,Michael Rios,sherry11@mockmail.org,2024-02-25,mockmail.org
496,Sheri Spears,tarabrock@test.org,2023-10-15,test.org
497,Kimberly Smith,hollytaylor@test.org,2024-10-22,test.org
498,Terry Wright,irobinson@tempemail.com,2024-07-24,tempemail.com
499,Michelle Peterson MD,lori08@placeholder.net,2023-02-07,placeholder.net
500,Nathan Boyle,pughtiffany@demo.io,2023-09-30,demo.io
501,Amanda Smith,michaelcooper@sample.net,2024-01-03,sample.net
502,Dr. Jasmine Young,richardsullivan@demo.io,2023-02-01,demo.io
503,Sandra Delgado,mooretheodore@tempemail.com,2024-01-05,tempemail.com
504,Shelby Brown,oflores@fakeemail.com,2024-06-27,fakeemail.com
505,Hector Higgins,cherylbrown@demo.io,2023-07-02,demo.io
506,Shannon Taylor,griffithmario@sample.net,2023-09-26,sample.net
507,Steve Daniels,brucemelanie@fakeemail.com,2025-01-26,fakeemail.com
508,Alexandra Jackson,njohnson@placeholder.net,2023-08-13,placeholder.net
509,William Hood,aschwartz@example.com,2024-08-21,example.com
510,Rebecca Giles,kelly73@example.com,2023-07-10,example.com
511,Joseph Myers,meganchase@sample.net,2023-07-06,sample.net
512,Dorothy Young,dreyes@tempemail.com,2024-12-26,tempemail.com
513,Victoria Monroe,williambanks@randomdomain.co,2024-09-09,randomdomain.co
514,Kaitlin Young,kathryn15@placeholder.net,2024-10-14,placeholder.net
515,Heather Foster,jwilliams@placeholder.net,2023-11-13,placeholder.net
516,Laura Hammond,bergersteven@mockmail.org,2023-11-30,mockmail.org
517,Noah Carson,zcampos@test.org,2024-11-13,test.org
518,Dr. Joanna Valencia DDS,lbush@tempemail.com,2023-06-16,tempemail.com
519,Kristine Chang,josephsantos@sample.net,2024-12-16,sample.net
520,Cody Johnson,christian55@sample.net,2023-06-17,sample.net
521,Jo Fox,petersontrevor@placeholder.net,2023-06-15,placeholder.net
522,Kimberly Horn,tracy89@example.com,2023-05-13,example.com
523,Andrew Wright,nixonbrandi@test.org,2024-11-11,test.org
524,James Lee,andrew18@sample.net,2024-02-16,sample.net
525,Kristin Walsh,lsims@tempemail.com,2023-05-10,tempemail.com
526,Henry Humphrey,brian45@demo.io,2023-04-19,demo.io
527,James Knight,dyerandrea@test.org,2023-12-15,test.org
528,Shelley Mayo,gomezmichelle@tempemail.com,2023-07-09,tempemail.com
529,William Solis,terri47@test.org,2024-03-19,test.org
530,Kerry Walsh,jessicacolon@sample.net,2023-08-28,sample.net
531,Rachel Huff,gromero@mockmail.org,2024-08-19,mockmail.org
532,David Miranda,laralauren@randomdomain.co,2024-11-25,randomdomain.co
533,James Smith,jonathanfrost@randomdomain.co,2023-03-02,randomdomain.co
534,Tracy Walker Jr.,smithanthony@placeholder.net,2024-05-10,placeholder.net
535,Kelly Marsh,jasminewebb@tempemail.com,2024-12-21,tempemail.com
536,Christopher Washington,william77@randomdomain.co,2023-03-24,randomdomain.co
537,Donald Rojas,bkane@test.org,2023-11-29,test.org
538,Audrey Griffin,ohess@tempemail.com,2025-01-03,tempemail.com
539,Brianna Salinas,mary14@fakeemail.com,2024-01-01,fakeemail.com
540,Brian Davis,lindsayrichards@fakeemail.com,2023-09-24,fakeemail.com
541,Barry Davis,raymondwilliams@randomdomain.co,2023-06-30,randomdomain.co
542,Alyssa Harris,tony03@placeholder.net,2024-01-18,placeholder.net
543,Douglas May,michaelrussell@example.com,2024-07-28,example.com
544,Laurie Morgan,christopher12@demo.io,2024-08-18,demo.io
545,Dean Bates,luceroshane@mockmail.org,2024-10-13,mockmail.org
546,Lori Haley,charles84@mockmail.org,2023-02-09,mockmail.org
547,Matthew Price,robinsonanne@example.com,2024-07-21,example.com
548,Amanda Martin,rthompson@sample.net,2024-09-18,sample.net
549,Tyler Walker,judymalone@sample.net,2024-03-23,sample.net
550,Carla Rodriguez,barbara00@placeholder.net,2023-06-06,placeholder.net
551,Jennifer Saunders,christensendavid@tempemail.com,2024-02-24,tempemail.com
552,Laura Thompson,lindsay73@example.com,2024-04-15,example.com
553,Chad Harris,eric00@sample.net,2023-07-18,sample.net
554,Denise Thomas,matthewwalker@randomdomain.co,2023-03-03,randomdomain.co
555,Brian Perez,merrittcarla@placeholder.net,2024-05-03,placeholder.net
556,Ashley Campos,kevin13@randomdomain.co,2024-06-29,randomdomain.co
557,Tammy Moran,christy48@tempemail.com,2023-05-17,tempemail.com
558,Gary Rhodes,blake01@test.org,2023-04-21,test.org
559,Robert Kim,cclarke@fakeemail.com,2024-11-02,fakeemail.com
560,William Tran,lopezeric@example.com,2024-02-26,example.com
561,Jimmy Gray,sonya72@demo.io,2023-10-13,demo.io
562,Dr. Cameron Trevino MD,nzhang@placeholder.net,2023-07-18,placeholder.net
563,Larry Frazier,danwilliams@demo.io,2023-03-03,demo.io
564,Manuel Horton,jamiebarnes@test.org,2023-09-29,test.org
565,Miss Dana Mcdowell DVM,karenherring@mockmail.org,2023-09-21,mockmail.org
566,Mary Wiley,spratt@example.com,2024-07-11,example.com
567,Christopher Ramirez,paul31@test.org,2023-08-04,test.org
568,James Holmes,youngjacob@sample.net,2024-06-04,sample.net
569,Patricia Murray DDS,diazbrian@fakeemail.com,2023-05-13,fakeemail.com
570,Mrs. Norma Collins,lauracannon@test.org,2024-10-02,test.org
571,Melissa Caldwell,williamssusan@fakeemail.com,2023-04-03,fakeemail.com
572,Duane Maldonado,jonathan01@mockmail.org,2024-06-01,mockmail.org
573,Todd Sanchez,andersonronald@demo.io,2025-01-13,demo.io
574,Robert Walker,tray@tempemail.com,2023-06-26,tempemail.com
575,Brian Nelson,fosterbobby@fakeemail.com,2023-12-14,fakeemail.com
576,Laura Williams,danielle32@sample.net,2024-08-05,sample.net
577,Kathleen Fuentes,nicholascurtis@sample.net,2023-09-01,sample.net
578,Michael Martin,nicholas56@mockmail.org,2024-07-07,mockmail.org
579,Daniel Cooper,richardgaines@fakeemail.com,2023-12-01,fakeemail.com
580,Victoria Mitchell,mmiller@mockmail.org,2023-06-15,mockmail.org
581,Evan Smith,becksheri@mockmail.org,2024-02-20,mockmail.org
582,Anthony Steele,sandraboyd@test.org,2023-03-17,test.org
583,Kaylee Wright,katherine58@demo.io,2024-10-05,demo.io
584,Joy Brown,arthurdillon@sample.net,2025-01-11,sample.net
585,Scott Schmitt,melissa14@sample.net,2024-08-20,sample.net
586,Melissa Gibson,vickieknight@example.com,2024-04-11,example.com
587,Lisa Clark,joseph20@tempemail.com,2023-04-17,tempemail.com
588,Lawrence Wood,ucollins@placeholder.net,2024-11-02,placeholder.net
589,Elizabeth Jefferson,kathryn15@mockmail.org,2025-01-08,mockmail.org
590,David Garrett,michaelcooper@demo.io,2023-10-11,demo.io
591,Jennifer Johnson,joellewis@example.com,2023-12-05,example.com
592,Mary Hoover,dwilkerson@randomdomain.co,2023-09-27,randomdomain.co
593,Michael Norman,vbarnes@randomdomain.co,2023-03-08,randomdomain.co
594,Kimberly Clarke,erikhart@test.org,2023-05-28,test.org
595,Makayla Bautista,stevezavala@mockmail.org,2025-01-24,mockmail.org
596,Jesse Stevens,joseromero@randomdomain.co,2024-04-16,randomdomain.co
597,John Matthews,wturner@example.com,2024-10-04,example.com
598,Alexander Li,lrobertson@placeholder.net,2024-11-06,placeholder.net
599,Heather Nicholson,riveramatthew@tempemail.com,2024-11-29,tempemail.com
600,Stephanie Kelley,mercadoshawna@demo.io,2024-02-18,demo.io
601,Kyle Burgess,michael17@randomdomain.co,2024-08-27,randomdomain.co
602,Adam Brandt,meltoncheryl@placeholder.net,2023-12-20,placeholder.net
603,Jennifer Hobbs,bradleybeard@sample.net,2023-06-27,sample.net
604,Sherry Davis,williamscraig@tempemail.com,2023-02-25,tempemail.com
605,Jason Cooper,oreynolds@tempemail.com,2024-04-25,tempemail.com
606,Martha Hale,jamesfoster@tempemail.com,2023-03-15,tempemail.com
607,Robert Hall,sabrinajones@test.org,2024-04-01,test.org
608,Alexandra Davidson,currykristin@tempemail.com,2024-01-13,tempemail.com
609,Benjamin Gross Jr.,summer58@randomdomain.co,2023-08-15,randomdomain.co
610,Mr. Michael Kaufman,vasqueztroy@randomdomain.co,2024-05-06,randomdomain.co
611,Maria Bryant,seanscott@placeholder.net,2024-11-12,placeholder.net
612,John Parker,blackwelljustin@mockmail.org,2023-06-05,mockmail.org
613,Jackson Lowe,lgarcia@demo.io,2024-12-09,demo.io
614,Dennis Jimenez,shane72@tempemail.com,2023-03-07,tempemail.com
615,Joshua Oconnor,laurathompson@placeholder.net,2023-07-06,placeholder.net
616,Emily Chan,murraybrittany@mockmail.org,2024-09-23,mockmail.org
617,Jessica Mann MD,martinmark@sample.net,2024-02-27,sample.net
618,Sean Cooper,schultzstuart@example.com,2023-12-29,example.com
619,Julie West,laurengonzalez@sample.net,2024-07-21,sample.net
620,Jason Robinson,tperez@tempemail.com,2024-04-24,tempemail.com
621,Harold Mercado,christinegraham@placeholder.net,2023-05-30,placeholder.net
622,Anna Simon,perezjoshua@test.org,2023-12-05,test.org
623,Darrell Young,james01@randomdomain.co,2024-03-06,randomdomain.co
624,Tammy Clark,megankelley@randomdomain.co,2024-04-15,randomdomain.co
625,Paul Thomas,kkim@mockmail.org,2024-10-20,mockmail.org
626,Stephen Salinas,amanda37@randomdomain.co,2023-11-25,randomdomain.co
627,Joel Harrison,victorjones@tempemail.com,2024-04-15,tempemail.com
628,Robert Landry,melissa26@fakeemail.com,2024-01-03,fakeemail.com
629,Gordon Turner,austinbrandon@demo.io,2024-06-07,demo.io
630,Juan Scott,petersonalexander@fakeemail.com,2023-09-24,fakeemail.com
631,Heidi Henry,bruce74@mockmail.org,2023-12-08,mockmail.org
632,Karen Clark,faulknernicholas@mockmail.org,2023-10-10,mockmail.org
633,Andrew Bryant,jodi19@placeholder.net,2024-06-18,placeholder.net
634,Cassidy Roberts,lindapeterson@tempemail.com,2024-05-10,tempemail.com
635,Danielle Perez,johnsonkelly@randomdomain.co,2023-01-29,randomdomain.co
636,Donna Arnold,deborah01@demo.io,2024-11-16,demo.io
637,Desiree Phillips,umolina@test.org,2024-01-24,test.org
638,Lance Morris,eric38@example.com,2024-02-25,example.com
639,Roger Campbell,umartin@placeholder.net,2024-03-06,placeholder.net
640,Anthony Bass,lambsean@mockmail.org,2023-08-11,mockmail.org
641,Ronald Griffin,diane02@fakeemail.com,2023-12-16,fakeemail.com
642,Justin Smith,buchananjonathan@example.com,2024-01-24,example.com
643,David Simmons,jacksonpamela@test.org,2024-07-03,test.org
644,David Armstrong,mortonjeffrey@example.com,2023-11-27,example.com
645,Debra Garcia,andres49@test.org,2023-02-20,test.org
646,Emily Price,nbarnes@test.org,2024-08-10,test.org
647,Debra Wilson DVM,stephaniejones@placeholder.net,2024-10-28,placeholder.net
648,Larry Raymond,kathleen22@demo.io,2024-01-29,demo.io
649,Stacey Bradley,andersonchristopher@sample.net,2023-11-29,sample.net
650,Mary Adams,matthewwilliams@fakeemail.com,2023-12-16,fakeemail.com
651,Tiffany Woods,floresmolly@tempemail.com,2024-06-14,tempemail.com
652,Miranda Smith,katiebeasley@test.org,2023-09-22,test.org
653,William Jones,tlopez@sample.net,2024-01-23,sample.net
654,Victoria Chang,zcraig@demo.io,2024-01-26,demo.io
655,Jake Bush,kirkholmes@tempemail.com,2023-03-06,tempemail.com
656,Dr. John Wagner,anthony19@randomdomain.co,2025-01-22,randomdomain.co
657,Paul Little,kharris@tempemail.com,2024-12-09,tempemail.com
658,Monica Farrell,zavalalauren@mockmail.org,2024-09-05,mockmail.org
659,Nancy Jacobs,hdudley@example.com,2024-07-07,example.com
660,Charles Mann,maria32@demo.io,2024-08-20,demo.io
661,Debra Nichols,timothy63@test.org,2023-10-12,test.org
662,Richard Jones,ppruitt@placeholder.net,2024-12-17,placeholder.net
663,Brittany Mathews,msmith@randomdomain.co,2024-01-03,randomdomain.co
664,Heather Hensley,anthonyrush@mockmail.org,2023-03-09,mockmail.org
665,Leslie Jackson,poncechristian@sample.net,2025-01-02,sample.net
666,Mrs. Amber Mendoza DDS,lindseyrose@example.com,2024-11-28,example.com
667,Frank Saunders,morenojuan@test.org,2024-06-03,test.org
668,Tony King,gcook@test.org,2023-02-17,test.org
669,Jeffrey Cordova,ztyler@test.org,2024-12-07,test.org
670,Lisa Harvey,justintucker@sample.net,2023-09-14,sample.net
671,Austin Murphy,jamespetty@randomdomain.co,2023-12-28,randomdomain.co
672,Luke Davis,dcoleman@fakeemail.com,2024-12-27,fakeemail.com
673,Lori Arnold,rowlandkatie@fakeemail.com,2024-06-22,fakeemail.com
674,Patrick Webb,michaellozano@example.com,2023-11-26,example.com
675,Andrew Miller,novakjimmy@mockmail.org,2023-09-24,mockmail.org
676,Gregory Reynolds,jennifermartinez@placeholder.net,2024-12-09,placeholder.net
677,Gary Ramirez,joseph11@fakeemail.com,2024-03-23,fakeemail.com
678,Christina Nicholson,xsmith@demo.io,2023-10-31,demo.io
679,Tristan Price,danielmiller@placeholder.net,2023-06-07,placeholder.net
680,Sarah Jordan,kristin13@placeholder.net,2024-06-07,placeholder.net
681,Jennifer Cooper,kanemercedes@example.com,2024-01-11,example.com
682,Abigail Williams,powersdawn@test.org,2024-07-30,test.org
683,Tony Walters,pagejacqueline@placeholder.net,2023-05-02,placeholder.net
684,Richard Berg,joanna78@example.com,2023-10-07,example.com
685,Rachel Bailey,fperry@placeholder.net,2024-02-14,placeholder.net
686,Robert Wright,debra13@tempemail.com,2023-06-02,tempemail.com
687,James Kim,kathryn45@example.com,2023-05-29,example.com
688,Ryan Meyer,brett92@test.org,2023-11-19,test.org
689,Lindsey Carter,james40@fakeemail.com,2024-06-06,fakeemail.com
690,Kimberly White,qfrazier@placeholder.net,2024-01-29,placeholder.net
691,Louis Miller,edward12@tempemail.com,2023-07-25,tempemail.com
692,Jessica Johnson,lisa48@fakeemail.com,2024-06-20,fakeemail.com
693,Gina Howell,kathryn55@sample.net,2023-09-21,sample.net
694,Nathan Kim,wilsonjoel@mockmail.org,2023-02-24,mockmail.org
695,Shelly James,michael96@sample.net,2024-11-19,sample.net
696,Daniel Rodgers,riversjeanne@sample.net,2024-08-01,sample.net
697,Alexander Combs,michael56@example.com,2024-06-25,example.com
698,Nicholas Wright,mbenjamin@fakeemail.com,2024-07-15,fakeemail.com
699,Scott Snow,icabrera@mockmail.org,2024-05-11,mockmail.org
700,Virginia Howard,morganschmitt@test.org,2023-09-15,test.org
701,Brian Franklin,aaronwebb@fakeemail.com,2024-09-14,fakeemail.com
702,Ronnie Martinez,lisa79@test.org,2024-01-30,test.org
703,Thomas Sanders,cheryl02@sample.net,2024-01-12,sample.net
704,Carol Bradshaw,leroyhowell@fakeemail.com,2023-06-14,fakeemail.com
705,Michael Greene,richard63@placeholder.net,2024-11-25,placeholder.net
706,Charles Blankenship,russellgregory@sample.net,2023-10-29,sample.net
707,Jack Kane,cookmegan@placeholder.net,2023-12-11,placeholder.net
708,Daniel Johnson,collinsmario@tempemail.com,2023-04-21,tempemail.com
709,Travis White,gregory66@test.org,2023-11-14,test.org
710,Anthony Cuevas,kenneth57@tempemail.com,2023-11-25,tempemail.com
711,Antonio Berger,becky18@example.com,2024-05-10,example.com
712,Victoria Pineda,pughmichael@placeholder.net,2023-05-06,placeholder.net
713,Mary Freeman,david69@mockmail.org,2024-05-19,mockmail.org
714,John Greer,jessica23@test.org,2024-02-05,test.org
715,Mary Garcia,james55@sample.net,2024-03-29,sample.net
716,Vincent Hanson,tamimatthews@sample.net,2023-11-09,sample.net
717,Wendy Thompson,olittle@tempemail.com,2023-08-14,tempemail.com
718,Amanda Brown,mallison@mockmail.org,2024-10-07,mockmail.org
719,Luis Wells,zsilva@demo.io,2024-02-19,demo.io
720,Andres Neal,halejustin@mockmail.org,2024-09-25,mockmail.org
721,Brooke Zamora,edward00@demo.io,2024-10-25,demo.io
722,Sharon Romero,stephanie28@example.com,2024-09-04,example.com
723,Andrea Johnson,crystal26@demo.io,2024-11-11,demo.io
724,Kimberly Bennett,millerbrandy@example.com,2023-07-04,example.com
725,Justin Ramirez,kaguirre@example.com,2024-02-23,example.com
726,Cathy Martinez,bradleyanthony@randomdomain.co,2023-12-25,randomdomain.co
727,Christine Miller,garciawilliam@sample.net,2024-06-15,sample.net
728,Jennifer Baker,eric42@demo.io,2024-02-19,demo.io
729,John Ross,nicole25@tempemail.com,2024-07-18,tempemail.com
730,Tyler Johnson,ashleyreeves@mockmail.org,2023-08-26,mockmail.org
731,Anthony Smith,samantha71@randomdomain.co,2024-03-09,randomdomain.co
732,Ashley Ford,andersonbilly@example.com,2024-04-06,example.com
733,Ashley Munoz,townsendashley@placeholder.net,2023-09-15,placeholder.net
734,Debra Sims,jennifer37@randomdomain.co,2024-07-25,randomdomain.co
735,Kevin Brady,zsanchez@mockmail.org,2024-03-13,mockmail.org
736,David Mueller,derekmiller@demo.io,2024-10-04,demo.io
737,Debbie Burke,katherine71@demo.io,2023-10-06,demo.io
738,Rachel Tyler,rodneygilbert@demo.io,2024-04-18,demo.io
739,Michelle Roberts,johnfitzgerald@sample.net,2024-06-02,sample.net
740,Nicolas Brown,kelly59@example.com,2024-03-23,example.com
741,William Sharp,brad14@randomdomain.co,2023-04-05,randomdomain.co
742,Yolanda Olson,haysstephanie@mockmail.org,2024-06-26,mockmail.org
743,Cody Webb,njohnson@tempemail.com,2024-01-26,tempemail.com
744,Tiffany Combs,melinda39@example.com,2024-02-28,example.com
745,Jennifer Banks,denisedoyle@randomdomain.co,2024-10-20,randomdomain.co
746,Dominique Stout,martinandrew@tempemail.com,2024-03-04,tempemail.com
747,Michael Jones,huntlisa@test.org,2024-02-19,test.org
748,Christopher Jensen,nzamora@example.com,2023-08-28,example.com
749,Samuel White,charles97@fakeemail.com,2023-04-29,fakeemail.com
750,Jennifer Steele,tracey34@test.org,2024-01-04,test.org
751,Taylor Johnson,danielle84@tempemail.com,2023-02-20,tempemail.com
752,Joel Campbell,jennifer28@fakeemail.com,2024-11-08,fakeemail.com
753,Michael Johnson,jamie66@demo.io,2024-07-30,demo.io
754,Gary Goodwin,kevin21@randomdomain.co,2024-07-17,randomdomain.co
755,Brian Hamilton,jgoodwin@placeholder.net,2023-04-01,placeholder.net
756,Anne Owens,bellbrooke@mockmail.org,2024-11-12,mockmail.org
757,Mr. Tyler Haas,kellertaylor@example.com,2023-06-05,example.com
758,Sonya Lopez,matthewbenson@demo.io,2024-01-15,demo.io
759,Ryan Webb,ronaldmiller@fakeemail.com,2023-10-26,fakeemail.com
760,Bonnie Washington,jessica77@placeholder.net,2023-03-26,placeholder.net
761,Timothy Lawrence,jacob94@fakeemail.com,2024-03-19,fakeemail.com
762,Steven Davidson,james78@placeholder.net,2023-06-12,placeholder.net
763,Samuel Martin,debrafritz@placeholder.net,2024-10-18,placeholder.net
764,Victoria Brown,reginald37@mockmail.org,2023-03-08,mockmail.org
765,Stephen Maynard,timothy35@fakeemail.com,2023-10-17,fakeemail.com
766,Jenna Davis,lfreeman@sample.net,2023-12-17,sample.net
767,Rebecca Hernandez,hberger@fakeemail.com,2024-06-25,fakeemail.com
768,Mr. Randy Williams,fhenry@fakeemail.com,2023-12-07,fakeemail.com
769,Bruce Torres,emiller@placeholder.net,2023-05-11,placeholder.net
770,Donald Butler,mackmichael@tempemail.com,2024-02-09,tempemail.com
771,Jason Bailey,martintyler@fakeemail.com,2023-02-17,fakeemail.com
772,Travis Turner,thomas10@test.org,2024-06-26,test.org
773,Lindsey Scott,cooperdavid@mockmail.org,2023-04-09,mockmail.org
774,Patricia Collins,samanthafrancis@sample.net,2024-10-15,sample.net
775,Perry Cortez,mreed@sample.net,2024-02-20,sample.net
776,Jeffrey Washington,wardvictor@placeholder.net,2024-09-22,placeholder.net
777,Zachary Lawson,heather60@placeholder.net,2023-07-29,placeholder.net
778,Jennifer Robinson,phillipsjonathan@fakeemail.com,2024-08-28,fakeemail.com
779,Patricia Rodriguez,erussell@test.org,2024-08-12,test.org
780,Jonathon Rodriguez,randall05@demo.io,2024-05-29,demo.io
781,Jacob Lee,sararoberson@mockmail.org,2025-01-13,mockmail.org
782,Melanie Prince,roycharles@mockmail.org,2024-12-09,mockmail.org
783,David Wright,martingene@sample.net,2025-01-17,sample.net
784,Lucas Brown,nicholaswu@tempemail.com,2023-07-23,tempemail.com
785,Brian Davis,torreschristina@placeholder.net,2025-01-10,placeholder.net
786,Dr. Rick Wheeler,nealwilliam@example.com,2024-09-27,example.com
787,Dawn Lewis,cuevasbrandon@example.com,2024-07-24,example.com
788,Paul Williams,devin22@sample.net,2023-04-18,sample.net
789,Allison Miller,cwall@placeholder.net,2024-09-23,placeholder.net
790,Leah Myers,linda48@placeholder.net,2024-01-21,placeholder.net
791,Thomas Lowe,anne30@test.org,2024-04-13,test.org
792,Ashley Velasquez,thomaserin@sample.net,2023-10-23,sample.net
793,Emily Myers,pamela46@sample.net,2023-11-27,sample.net
794,Ronald Reed,katherine57@example.com,2023-08-19,example.com
795,Kayla Howard,lorisims@mockmail.org,2023-04-21,mockmail.org
796,Heather Ingram,christophergonzalez@demo.io,2025-01-14,demo.io
797,Michael Foster,zfarrell@fakeemail.com,2024-07-24,fakeemail.com
798,Jerry Stewart,lisa56@tempemail.com,2024-11-07,tempemail.com
799,Christine Golden,cynthia47@example.com,2023-11-23,example.com
800,Robert Zuniga,luke53@sample.net,2024-07-19,sample.net
801,Peter Thomas,williamskathleen@sample.net,2024-11-17,sample.net
802,Keith Butler,michele70@test.org,2023-04-26,test.org
803,Gabriel Cook,russell99@demo.io,2023-10-18,demo.io
804,Michael Baker,tannermicheal@fakeemail.com,2023-08-07,fakeemail.com
805,Raymond Mccarthy,underwoodsusan@demo.io,2023-04-08,demo.io
806,Robert Powell,moorebarry@sample.net,2024-04-13,sample.net
807,Ann Washington,berryrachael@test.org,2024-02-22,test.org
808,Dylan Green,nwatson@tempemail.com,2025-01-09,tempemail.com
809,Jodi Gilbert,ucampbell@randomdomain.co,2024-10-20,randomdomain.co
810,Mark Allen,brianwilliams@placeholder.net,2023-06-24,placeholder.net
811,Sherri Soto,nelsonjessica@tempemail.com,2024-01-02,tempemail.com
812,William Carter,robertberg@example.com,2023-03-25,example.com
813,Robert Shaw,parkercynthia@test.org,2024-07-28,test.org
814,Jill Barton,gardnerjamie@tempemail.com,2024-10-18,tempemail.com
815,Jacqueline Santiago,leezachary@example.com,2024-09-21,example.com
816,Mathew Evans,chelsea51@randomdomain.co,2023-08-17,randomdomain.co
817,William Hanson,russomelissa@fakeemail.com,2024-10-08,fakeemail.com
818,Christine Turner,jesse18@randomdomain.co,2023-11-23,randomdomain.co
819,Caitlin Valdez,kkennedy@example.com,2024-02-13,example.com
820,Gregory Morgan,tmercado@test.org,2023-06-17,test.org
821,Lisa Martin MD,davidfisher@demo.io,2023-11-24,demo.io
822,Robert Arnold,andrewduncan@tempemail.com,2023-06-19,tempemail.com
823,Elizabeth Vaughn,garciajessica@example.com,2023-09-06,example.com
824,Nicole Miller,margaret41@randomdomain.co,2023-08-23,randomdomain.co
825,Kevin Roth DDS,susan10@randomdomain.co,2024-10-15,randomdomain.co
826,Megan Martinez,awatts@test.org,2025-01-09,test.org
827,Lauren Anderson DVM,john13@test.org,2023-05-17,test.org
828,Debra Lane,swiggins@tempemail.com,2023-03-25,tempemail.com
829,Christina Price,ldaniel@randomdomain.co,2024-01-19,randomdomain.co
830,Carl Miller,williamoliver@test.org,2024-02-06,test.org
831,John Sanchez,montgomerylisa@demo.io,2023-11-10,demo.io
832,Benjamin Sullivan,reneehendrix@test.org,2024-06-24,test.org
833,Joseph Bell,alan66@mockmail.org,2024-12-01,mockmail.org
834,Jason Gilbert,torresandrew@example.com,2023-10-18,example.com
835,Kristina Miller,wpeterson@fakeemail.com,2023-11-18,fakeemail.com
836,Rebecca Murphy,jacksonandrew@demo.io,2024-02-03,demo.io
837,Alexis Shepherd,michaelrichards@randomdomain.co,2023-02-27,randomdomain.co
838,Charles Johnson,michael08@fakeemail.com,2024-07-05,fakeemail.com
839,Lisa Flores,johnsonernest@example.com,2024-10-13,example.com
840,Frederick Jenkins,amiller@demo.io,2023-08-13,demo.io
841,Brian Cole,william06@placeholder.net,2023-02-10,placeholder.net
842,Andrew Wilson,cwright@fakeemail.com,2023-09-02,fakeemail.com
843,Shawn Baker,hclarke@fakeemail.com,2023-04-22,fakeemail.com
844,Ryan Morris,bsweeney@test.org,2023-04-29,test.org
845,Amber Novak,michaeladams@fakeemail.com,2024-07-30,fakeemail.com
846,Alan Martin,marysuarez@randomdomain.co,2024-07-12,randomdomain.co
847,Glenda Wilkinson,cobbmichael@mockmail.org,2024-02-08,mockmail.org
848,Teresa Perry,plivingston@example.com,2025-01-14,example.com
849,Tina Calhoun,daniellemiller@sample.net,2024-09-02,sample.net
850,Richard Henry,leerichard@mockmail.org,2023-10-25,mockmail.org
851,Lindsey Gray,ruth74@example.com,2023-04-11,example.com
852,Carlos Johnson,eclark@placeholder.net,2024-03-21,placeholder.net
853,Gregory Rodriguez,nicole95@example.com,2024-09-24,example.com
854,John Allen,miguelwright@randomdomain.co,2024-10-29,randomdomain.co
855,Aaron Johnson,nicholas20@test.org,2023-09-15,test.org
856,Shawn Thomas,gavin30@tempemail.com,2023-11-20,tempemail.com
857,Brian Hill,imccoy@mockmail.org,2023-05-08,mockmail.org
858,Dr. Veronica Wilson MD,jonessean@mockmail.org,2024-08-17,mockmail.org
859,Rebecca Smith,frank49@demo.io,2023-08-14,demo.io
860,Joy Tran,stephanielopez@tempemail.com,2023-07-22,tempemail.com
861,Susan Ibarra,htorres@mockmail.org,2023-11-07,mockmail.org
862,Peter Williams,wmoore@test.org,2023-08-02,test.org
863,Natalie Smith,maldonadotrevor@placeholder.net,2024-06-22,placeholder.net
864,Katherine Mccormick,davidwhite@tempemail.com,2023-12-25,tempemail.com
865,Christina Ross,michael11@mockmail.org,2023-06-09,mockmail.org
866,Andrew Martin,tiffanyluna@tempemail.com,2024-09-22,tempemail.com
867,Laura Gonzalez,jonathan70@placeholder.net,2023-04-25,placeholder.net
868,Joanna Carter,kevinmerritt@demo.io,2024-09-17,demo.io
869,Shaun Deleon,vmartinez@tempemail.com,2024-11-30,tempemail.com
870,Timothy Lee,parkangela@randomdomain.co,2023-12-12,randomdomain.co
871,Sarah Mcclain,marvin42@placeholder.net,2023-05-05,placeholder.net
872,Dawn Mason,christopher76@demo.io,2024-09-23,demo.io
873,Mike Baker,paul64@example.com,2024-06-06,example.com
874,Summer Olson,rachaelwhite@test.org,2024-07-19,test.org
875,Kristi Allen,apeterson@test.org,2024-09-04,test.org
876,Randall Pugh,anahoffman@sample.net,2023-03-23,sample.net
877,Rachel Elliott,robertmcgee@test.org,2024-07-17,test.org
878,Calvin Hamilton,johnallen@demo.io,2024-02-01,demo.io
879,Frank Rasmussen,cory98@test.org,2024-09-24,test.org
880,Dennis Riley,browntyler@test.org,2023-09-11,test.org
881,Sandra Watson,mhodges@placeholder.net,2023-11-10,placeholder.net
882,Nicole Baker,sierra04@sample.net,2024-01-27,sample.net
883,Maria Ware,hayesanthony@fakeemail.com,2024-05-25,fakeemail.com
884,Brad Decker,aaron03@test.org,2023-11-29,test.org
885,Tyler Shelton,anthony02@placeholder.net,2023-10-30,placeholder.net
886,Holly Jacobs,jfrench@mockmail.org,2023-04-16,mockmail.org
887,Eric Davis,robertsimmons@randomdomain.co,2024-08-28,randomdomain.co
888,Ellen Ramirez,ohenderson@demo.io,2023-07-02,demo.io
889,Kathleen Burton,timothyrobinson@test.org,2023-10-25,test.org
890,Krista Ramos,adam28@mockmail.org,2024-05-15,mockmail.org
891,Donald Simpson,tpierce@example.com,2024-06-10,example.com
892,Marvin Ward,cookcatherine@randomdomain.co,2023-02-27,randomdomain.co
893,Gregory Mcconnell,jperez@placeholder.net,2023-06-07,placeholder.net
894,Rodney Gordon,amandajackson@sample.net,2024-06-25,sample.net
895,Justin Thompson,maxwellangel@randomdomain.co,2024-12-28,randomdomain.co
896,Anthony Holden,buckleymary@fakeemail.com,2023-09-07,fakeemail.com
897,Audrey Rodriguez,annettelewis@randomdomain.co,2023-02-22,randomdomain.co
898,John Clay,mbean@mockmail.org,2023-04-24,mockmail.org
899,Nicole Lambert,brenda68@example.com,2024-03-03,example.com
900,Marcus Collier,zroberson@demo.io,2024-05-07,demo.io
901,Melissa Lee,wcollins@mockmail.org,2024-01-09,mockmail.org
902,Abigail Bailey,villanuevajoe@tempemail.com,2024-01-21,tempemail.com
903,Nicole Grimes,lisa78@test.org,2024-09-23,test.org
904,Michelle Blevins,frankalexander@example.com,2024-11-27,example.com
905,Amanda Moreno,gregashley@example.com,2024-03-11,example.com
906,Cody Alvarado,vangjessica@demo.io,2023-04-18,demo.io
907,Wendy Johnson,patriciagutierrez@fakeemail.com,2024-03-28,fakeemail.com
908,Christopher Smith,kristen09@fakeemail.com,2025-01-04,fakeemail.com
909,Jerry Gonzalez,nlucas@randomdomain.co,2024-06-10,randomdomain.co
910,Tiffany Gonzales,joshualara@randomdomain.co,2023-04-02,randomdomain.co
911,Joseph Morris,lesliedaniels@test.org,2024-09-01,test.org
912,Michael Anderson,fisheranthony@tempemail.com,2024-02-07,tempemail.com
913,Mark Jones,lbrooks@example.com,2024-12-22,example.com
914,Jamie Navarro,aharris@tempemail.com,2024-10-14,tempemail.com
915,Diana Zavala,wellsmariah@fakeemail.com,2023-06-05,fakeemail.com
916,Daniel Brewer,nicole02@demo.io,2024-03-04,demo.io
917,Laura Johnson,batesdavid@test.org,2024-05-31,test.org
918,Erica Lawson,crystal79@placeholder.net,2023-07-30,placeholder.net
919,Mark Marsh,contreraschristina@sample.net,2024-03-29,sample.net
920,Sean Keller,erin05@randomdomain.co,2024-11-12,randomdomain.co
921,Dr. Brian Johnson II,bridgetsmith@example.com,2024-02-17,example.com
922,Matthew Zavala,meganhall@placeholder.net,2023-09-21,placeholder.net
923,Peter Goodwin,curtis94@example.com,2023-06-19,example.com
924,Walter Ballard,lthomas@test.org,2024-06-06,test.org
925,Alan Romero,lcannon@sample.net,2023-03-24,sample.net
926,Julian Gibson,mgreen@sample.net,2023-08-24,sample.net
927,Linda Phillips DVM,bshah@test.org,2024-09-19,test.org
928,Kayla Dawson,nathan62@test.org,2024-02-10,test.org
929,Kevin Martinez,mary42@test.org,2023-03-14,test.org
930,Leslie Gordon,flynn@fakeemail.com,2024-11-26,fakeemail.com
931,George Robbins,grahamscott@randomdomain.co,2024-11-14,randomdomain.co
932,Kristen Hamilton,billysmith@example.com,2024-04-22,example.com
933,Tracy Parker,hendersonkathleen@example.com,2024-04-30,example.com
934,Kathryn King,maddenkimberly@tempemail.com,2024-01-07,tempemail.com
935,Benjamin Miller,rebeccagonzalez@placeholder.net,2025-01-22,placeholder.net
936,Christopher Bailey,pottspeter@sample.net,2023-12-19,sample.net
937,Donna Garcia,faulknerjill@randomdomain.co,2023-05-25,randomdomain.co
938,Madison Stewart,gbarnes@test.org,2023-04-27,test.org
939,Kelly Olsen,vegaalexis@demo.io,2025-01-21,demo.io
940,Caitlyn Zimmerman,sean19@randomdomain.co,2023-03-07,randomdomain.co
941,Kenneth Allen,devongrant@fakeemail.com,2024-06-10,fakeemail.com
942,Lorraine Patel DVM,kathyhill@randomdomain.co,2024-02-28,randomdomain.co
943,Michael Barrera,jason05@fakeemail.com,2024-03-01,fakeemail.com
944,James Hughes,brian95@test.org,2023-05-28,test.org
945,Christy Solomon,gmorton@demo.io,2024-11-05,demo.io
946,Joshua Dillon,osbornestephen@fakeemail.com,2024-01-06,fakeemail.com
947,Jasmine Medina,rosejacobs@test.org,2023-02-12,test.org
948,Jason Perez,markorr@tempemail.com,2023-08-21,tempemail.com
949,Glen Baker Jr.,johnestes@fakeemail.com,2023-12-02,fakeemail.com
950,Lisa Nguyen,dylan48@placeholder.net,2023-11-02,placeholder.net
951,Mrs. Kelly Dunlap DVM,sadams@fakeemail.com,2024-10-03,fakeemail.com
952,Laura Kline,vanessa69@tempemail.com,2024-04-13,tempemail.com
953,Joseph Powell,hrobles@mockmail.org,2023-03-29,mockmail.org
954,Kimberly Newman,justinadkins@placeholder.net,2024-11-22,placeholder.net
955,Michelle Mills,timothytorres@tempemail.com,2024-05-02,tempemail.com
956,Vanessa Shaw,richardwilson@demo.io,2023-02-03,demo.io
957,Julie Reese,deborahwoods@randomdomain.co,2024-06-05,randomdomain.co
958,Kimberly Ray,harterin@sample.net,2023-09-11,sample.net
959,Willie Rodriguez,andersongary@randomdomain.co,2024-07-01,randomdomain.co
960,David Campbell,robert71@tempemail.com,2024-04-14,tempemail.com
961,Ashley Davies,gerald46@placeholder.net,2024-07-09,placeholder.net
962,Kevin Schaefer,twalker@mockmail.org,2024-04-23,mockmail.org
963,Mark Davis,christopher37@test.org,2023-05-25,test.org
964,Joel Blair,brittanywheeler@fakeemail.com,2024-10-30,fakeemail.com
965,Madison Horn,jennifermueller@test.org,2025-01-25,test.org
966,Deborah Martin,patrickhoffman@placeholder.net,2023-10-22,placeholder.net
967,Michelle Stewart,maryvasquez@sample.net,2024-11-06,sample.net
968,Shawn Davis,alexis65@fakeemail.com,2024-04-13,fakeemail.com
969,James Weaver,gkelly@fakeemail.com,2024-08-20,fakeemail.com
970,Kristine Martinez,ewilson@placeholder.net,2024-02-06,placeholder.net
971,James Lewis,thomas62@demo.io,2023-06-21,demo.io
972,Daniel Mcintosh,timothy29@fakeemail.com,2024-07-14,fakeemail.com
973,Amy Sherman MD,martin84@test.org,2023-12-07,test.org
974,Maria West,ritteralan@example.com,2023-06-26,example.com
975,Anthony Bell,allen81@mockmail.org,2023-04-05,mockmail.org
976,Tara Fuller,mferguson@demo.io,2024-04-13,demo.io
977,Alexander Burgess,sarahtucker@sample.net,2024-06-09,sample.net
978,Ronald Acosta,lindasims@fakeemail.com,2024-07-15,fakeemail.com
979,Marie Serrano,owenjeffrey@randomdomain.co,2023-11-18,randomdomain.co
980,Amanda Richardson,brittany67@randomdomain.co,2023-04-13,randomdomain.co
981,Zachary Collins,mark61@randomdomain.co,2024-05-05,randomdomain.co
982,Mark Gray,jessicali@fakeemail.com,2024-10-05,fakeemail.com
983,Trevor Hatfield,shawbonnie@test.org,2023-09-19,test.org
984,Caroline Lee,rodney67@example.com,2023-03-19,example.com
985,Jenny Miller,vparker@fakeemail.com,2023-04-11,fakeemail.com
986,Danny Owen,adam53@example.com,2024-06-13,example.com
987,Sharon Stafford,nkelly@test.org,2024-09-27,test.org
988,Jessica Williams,wadejanice@tempemail.com,2023-02-03,tempemail.com
989,Tony Robinson,ashleycannon@demo.io,2024-06-22,demo.io
990,Sara Wagner,boconnor@fakeemail.com,2023-10-13,fakeemail.com
991,David Wright,cameron95@placeholder.net,2023-02-23,placeholder.net
992,Jared Benjamin,kristopher02@mockmail.org,2024-07-22,mockmail.org
993,Jeremy Villanueva II,rstevens@placeholder.net,2023-02-22,placeholder.net
994,Mandy Brown,woodsjoel@test.org,2024-06-17,test.org
995,Mary Adkins,jasonferguson@fakeemail.com,2024-12-23,fakeemail.com
996,Emily Jones,hernandezjacob@tempemail.com,2024-02-13,tempemail.com
997,Lauren Robbins,howardpeggy@demo.io,2023-07-17,demo.io
998,John Henderson,vhendricks@test.org,2023-05-31,test.org
999,Stephanie Velazquez,bennettrichard@fakeemail.com,2024-11-19,fakeemail.com
1000,Sandra Gould,michael50@demo.io,2024-05-04,demo.io
1001,Tiffany Pittman,schneiderdonna@demo.io,2024-09-19,demo.io
1002,Kayla Hart,jwhite@tempemail.com,2023-05-14,tempemail.com
1003,Travis Livingston,carolvaldez@example.com,2024-12-23,example.com
1004,Jordan Rojas,thomasrobin@mockmail.org,2023-03-14,mockmail.org
1005,Nathan Fuller,amandasmith@tempemail.com,2024-01-01,tempemail.com
1006,Kenneth Owens,cwilkerson@tempemail.com,2023-05-27,tempemail.com
1007,Dr. Michael Bryan,boydbrandon@sample.net,2023-07-15,sample.net
1008,Kristin Horn,wilkinsonjames@fakeemail.com,2023-03-25,fakeemail.com
1009,Mark Hall,fpark@randomdomain.co,2023-09-22,randomdomain.co
1010,Samuel Conner,joperry@demo.io,2024-12-19,demo.io
1011,Kimberly Smith,smithdavid@mockmail.org,2023-05-18,mockmail.org
1012,Amanda Curtis,ayalakirk@randomdomain.co,2024-01-11,randomdomain.co
1013,Anthony Todd,theresadelgado@fakeemail.com,2023-11-07,fakeemail.com
1014,Brooke Roberts,ymeyer@tempemail.com,2024-08-03,tempemail.com
1015,Gail Hall,michellejones@demo.io,2023-11-12,demo.io
1016,Charles Savage,millerlisa@placeholder.net,2024-05-09,placeholder.net
1017,Kendra Massey,whitejennifer@mockmail.org,2023-04-26,mockmail.org
1018,Misty Walters,louis11@tempemail.com,2024-12-22,tempemail.com
1019,Beth Sparks,debra25@placeholder.net,2025-01-07,placeholder.net
1020,Kathleen Diaz,dawsonkeith@sample.net,2024-05-20,sample.net
1021,Jacob Roberts,riverajennifer@mockmail.org,2024-08-27,mockmail.org
1022,Christopher Carr,thomas81@sample.net,2024-10-23,sample.net
1023,Thomas Ford,ayalajames@sample.net,2023-03-23,sample.net
1024,Ronnie Clark,nicholas03@demo.io,2024-07-18,demo.io
1025,Ms. Beth Garcia MD,awilliams@mockmail.org,2024-11-29,mockmail.org
1026,Luis Anderson,scottsmith@fakeemail.com,2023-02-19,fakeemail.com
1027,Elizabeth Torres,jessica78@fakeemail.com,2023-04-10,fakeemail.com
1028,Zachary Hawkins,jonathan77@mockmail.org,2024-04-29,mockmail.org
1029,Amber Garcia,jeffreycook@fakeemail.com,2023-10-01,fakeemail.com
1030,Bailey Jacobs,garrett90@tempemail.com,2023-09-17,tempemail.com
1031,Mrs. Mackenzie Crosby,matthew33@mockmail.org,2023-10-18,mockmail.org
1032,Shannon Bird,michaelallen@randomdomain.co,2024-03-28,randomdomain.co
1033,George Young,ssimmons@fakeemail.com,2023-11-10,fakeemail.com
1034,Alexis Kline,dlee@fakeemail.com,2023-06-08,fakeemail.com
1035,John Roth,igonzalez@sample.net,2024-02-11,sample.net
1036,Courtney James,clarkpedro@placeholder.net,2024-06-27,placeholder.net
1037,Michelle Peterson,dhayes@mockmail.org,2024-02-13,mockmail.org
1038,Melissa Young,joseph48@mockmail.org,2024-03-29,mockmail.org
1039,Colleen Harris,andrea54@placeholder.net,2024-11-26,placeholder.net
1040,Travis Simmons,leon86@test.org,2023-09-25,test.org
1041,Carrie Torres,johnsonamy@example.com,2023-02-04,example.com
1042,Dylan Weeks,chencolin@example.com,2023-07-14,example.com
1043,Scott Kennedy,hernandezmichael@randomdomain.co,2023-03-09,randomdomain.co
1044,Ronald Allen,rileyaustin@tempemail.com,2024-01-25,tempemail.com
1045,Austin Crawford,hardyvicki@randomdomain.co,2024-05-04,randomdomain.co
1046,Joshua Brown,johnnyadams@placeholder.net,2024-05-27,placeholder.net
1047,Justin White,jeffreycantrell@placeholder.net,2023-02-16,placeholder.net
1048,Mindy Miller,ralexander@randomdomain.co,2024-10-04,randomdomain.co
1049,Jeremy Newman MD,tward@example.com,2024-09-17,example.com
1050,Lisa Lawson,frodriguez@test.org,2023-10-06,test.org
1051,Steven Campbell,kellychristopher@demo.io,2024-12-21,demo.io
1052,Victoria Wood,poliver@sample.net,2024-06-15,sample.net
1053,Glenda Rogers,schapman@fakeemail.com,2024-04-04,fakeemail.com
1054,Kayla Mckinney,mgreene@fakeemail.com,2024-01-24,fakeemail.com
1055,Maria Diaz,dsoto@sample.net,2023-07-14,sample.net
1056,Frank Young,sharonpalmer@randomdomain.co,2024-05-09,randomdomain.co
1057,Colin Marquez,charlesnelson@test.org,2023-06-05,test.org
1058,Brittany Thomas,katiehinton@randomdomain.co,2023-05-24,randomdomain.co
1059,Erin Merritt,yhodges@example.com,2023-09-18,example.com
1060,Brittany Davis,shart@mockmail.org,2023-11-30,mockmail.org
1061,Elizabeth Mcfarland,john06@tempemail.com,2024-12-17,tempemail.com
1062,Zachary Williams,shawnjensen@sample.net,2023-03-10,sample.net
1063,Madeline Foster,amy62@placeholder.net,2023-08-30,placeholder.net
1064,Steven Johnson,dnash@demo.io,2024-02-20,demo.io
1065,Jasmine Smith,sarah99@demo.io,2023-07-06,demo.io
1066,Alan Barron,carlsonjennifer@mockmail.org,2024-09-14,mockmail.org
1067,Juan Johnston,lori80@sample.net,2024-02-07,sample.net
1068,Kenneth Brandt,jessicarobinson@demo.io,2023-06-14,demo.io
1069,Cole Valentine,ryan73@example.com,2023-05-15,example.com
1070,Terry Johnson,joelparker@tempemail.com,2023-11-14,tempemail.com
1071,Benjamin Graham,joymurphy@randomdomain.co,2025-01-08,randomdomain.co
1072,Darren Moreno,karen22@mockmail.org,2023-12-04,mockmail.org
1073,Brandy Mason,wbrown@placeholder.net,2024-06-09,placeholder.net
1074,Melissa King,amber91@test.org,2024-07-09,test.org
1075,Emma Hayden,hhiggins@placeholder.net,2024-03-31,placeholder.net
1076,Lindsey Bennett,normananna@mockmail.org,2025-01-21,mockmail.org
1077,David Johnson,maxwelljermaine@placeholder.net,2024-01-14,placeholder.net
1078,Michael Downs,tranteresa@randomdomain.co,2024-01-31,randomdomain.co
1079,Shannon Pierce,anna51@fakeemail.com,2023-11-19,fakeemail.com
1080,Eddie Lozano,lisa18@test.org,2024-05-11,test.org
1081,Lisa Wong,choijose@sample.net,2024-03-13,sample.net
1082,Sandra Scott,snowmichael@test.org,2024-06-06,test.org
1083,Anthony Woods,qcarroll@test.org,2023-04-07,test.org
1084,Andrea Brown,sheilagillespie@example.com,2024-08-26,example.com
1085,Amber Payne,dennis14@example.com,2024-07-25,example.com
1086,Leah Becker,danieljones@tempemail.com,2024-09-02,tempemail.com
1087,Sharon Douglas,adamgreen@randomdomain.co,2023-12-22,randomdomain.co
1088,Tammy Andrade,justinewing@test.org,2024-05-03,test.org
1089,Michelle Mathis,mary15@test.org,2024-04-21,test.org
1090,Timothy Grimes,david70@tempemail.com,2024-06-30,tempemail.com
1091,Angela Williams,longsara@example.com,2023-09-05,example.com
1092,Brandon Williams,scott02@fakeemail.com,2024-10-09,fakeemail.com
1093,Kimberly Mills PhD,joneschristopher@test.org,2023-08-23,test.org
1094,Lisa Montgomery,wrusso@placeholder.net,2024-09-22,placeholder.net
1095,Geoffrey Smith,kevin42@example.com,2023-03-11,example.com
1096,Leslie Perry,williamsmichelle@mockmail.org,2023-02-28,mockmail.org
1097,Kevin Gonzalez,matthew15@sample.net,2024-04-07,sample.net
1098,Susan Ferguson,kimberly62@randomdomain.co,2024-02-12,randomdomain.co
1099,Rachel Ibarra,christopherdelacruz@mockmail.org,2024-04-06,mockmail.org
1100,Ashley Stanley,coxamanda@demo.io,2024-04-17,demo.io
